Run,ReleaseDate,LoadDate,spots,bases,spots_with_mates,avgLength,size_MB,AssemblyName,download_path,Experiment,LibraryName,LibraryStrategy,LibrarySelection,LibrarySource,LibraryLayout,InsertSize,InsertDev,Platform,Model,SRAStudy,BioProject,Study_Pubmed_id,ProjectID,Sample,BioSample,SampleType,TaxID,ScientificName,SampleName,g1k_pop_code,source,g1k_analysis_group,Subject_ID,Sex,Disease,Tumor,Affection_Status,Analyte_Type,Histological_Type,Body_Site,CenterName,Submission,dbgap_study_accession,Consent,RunHash,ReadHash
SRR17068325,2022-12-12 00:01:10,2021-11-29 19:09:44,1939,2892980,0,1491,1,,https://sra-downloadb.be-md.ncbi.nlm.nih.gov/sos4/sra-pub-run-30/SRR017/17068/SRR17068325/SRR17068325.1,SRX13257006,D102,AMPLICON,PCR,METAGENOMIC,SINGLE,0,0,PACBIO_SMRT,Sequel,SRP348487,PRJNA741708,,741708,SRS11179730,SAMN23486187,simple,1774142,human eye metagenome,D102,,,,,,,no,,,,,CHINA CDC,SRA1336454,,public,0A3DBFE4C1E3229AB13D5351C2098409,482EB50B49BFF197141A100B67255687
SRR17068341,2022-12-12 00:01:09,2021-11-29 19:09:53,3271,4887317,0,1494,1,,https://sra-downloadb.be-md.ncbi.nlm.nih.gov/sos4/sra-pub-run-30/SRR017/17068/SRR17068341/SRR17068341.1,SRX13256990,D107,AMPLICON,PCR,METAGENOMIC,SINGLE,0,0,PACBIO_SMRT,Sequel,SRP348487,PRJNA741708,,741708,SRS11179714,SAMN23486174,simple,1774142,human eye metagenome,D107,,,,,,,no,,,,,CHINA CDC,SRA1336454,,public,C33D4BC3FB6E871EB6007834F13365E0,01C834B391BB8E28BDD842667C454DB9
SRR17068353,2022-12-12 00:01:09,2021-11-29 19:10:07,9964,14635737,0,1468,5,,https://sra-downloadb.be-md.ncbi.nlm.nih.gov/sos4/sra-pub-run-30/SRR017/17068/SRR17068353/SRR17068353.1,SRX13256978,D115,AMPLICON,PCR,METAGENOMIC,SINGLE,0,0,PACBIO_SMRT,Sequel,SRP348487,PRJNA741708,,741708,SRS11179703,SAMN23486163,simple,1774142,human eye metagenome,D115,,,,,,,no,,,,,CHINA CDC,SRA1336454,,public,DFEBD024CCEF9BA329074A9D2C4448F9,5AC595158401CC4DF307DD5F6E02E666
SRR17068336,2022-12-12 00:01:10,2021-11-29 19:10:11,13937,20859665,0,1496,8,,https://sra-downloadb.be-md.ncbi.nlm.nih.gov/sos4/sra-pub-run-30/SRR017/17068/SRR17068336/SRR17068336.1,SRX13256995,D118,AMPLICON,PCR,METAGENOMIC,SINGLE,0,0,PACBIO_SMRT,Sequel,SRP348487,PRJNA741708,,741708,SRS11179719,SAMN23486178,simple,1774142,human eye metagenome,D118,,,,,,,no,,,,,CHINA CDC,SRA1336454,,public,0A92557075ACB182575979B93306663A,0C54AFA655BDA649786FA5FD6C550C0B
SRR17068294,2022-12-12 00:01:10,2021-11-29 19:09:35,12414,18501313,0,1490,7,,https://sra-downloadb.be-md.ncbi.nlm.nih.gov/sos4/sra-pub-run-30/SRR017/17068/SRR17068294/SRR17068294.1,SRX13257037,D123,AMPLICON,PCR,METAGENOMIC,SINGLE,0,0,PACBIO_SMRT,Sequel,SRP348487,PRJNA741708,,741708,SRS11179760,SAMN23486063,simple,1774142,human eye metagenome,D123,,,,,,,no,,,,,CHINA CDC,SRA1336454,,public,95155ACFD99E9BEFED1866D0448624BC,CC9EFBCBEE6684A4358B022B36F078DE
SRR17068333,2022-12-12 00:01:10,2021-11-29 19:09:53,3369,4952541,0,1470,2,,https://sra-downloadb.be-md.ncbi.nlm.nih.gov/sos4/sra-pub-run-30/SRR017/17068/SRR17068333/SRR17068333.1,SRX13256998,D129,AMPLICON,PCR,METAGENOMIC,SINGLE,0,0,PACBIO_SMRT,Sequel,SRP348487,PRJNA741708,,741708,SRS11179722,SAMN23486180,simple,1774142,human eye metagenome,D129,,,,,,,no,,,,,CHINA CDC,SRA1336454,,public,75C52B60A8A1AE283A6B6FAEC79109EE,D73D7E6BADA449A186FFFC34114F7824
SRR17068342,2022-12-12 00:01:09,2021-11-29 19:10:00,7877,11875964,0,1507,4,,https://sra-downloadb.be-md.ncbi.nlm.nih.gov/sos4/sra-pub-run-30/SRR017/17068/SRR17068342/SRR17068342.1,SRX13256989,D137,AMPLICON,PCR,METAGENOMIC,SINGLE,0,0,PACBIO_SMRT,Sequel,SRP348487,PRJNA741708,,741708,SRS11179712,SAMN23486173,simple,1774142,human eye metagenome,D137,,,,,,,no,,,,,CHINA CDC,SRA1336454,,public,BC88BECE56B71B8B75B91C96B9D6771B,6D5A152684A81333ED3E5A8E0EA8E523
SRR17068346,2022-12-12 00:01:09,2021-11-29 19:10:23,21171,31636330,0,1494,12,,https://sra-downloadb.be-md.ncbi.nlm.nih.gov/sos4/sra-pub-run-30/SRR017/17068/SRR17068346/SRR17068346.1,SRX13256985,D15,AMPLICON,PCR,METAGENOMIC,SINGLE,0,0,PACBIO_SMRT,Sequel,SRP348487,PRJNA741708,,741708,SRS11179709,SAMN23486169,simple,1774142,human eye metagenome,D15,,,,,,,no,,,,,CHINA CDC,SRA1336454,,public,11F5B759563CDD5DB61D2EA68C1772CC,BB5F3A19F67D9E62E9085E5EF5B64700
SRR17068312,2022-12-12 00:01:10,2021-11-29 19:10:16,19760,29496396,0,1492,11,,https://sra-downloadb.be-md.ncbi.nlm.nih.gov/sos4/sra-pub-run-30/SRR017/17068/SRR17068312/SRR17068312.1,SRX13257019,D16,AMPLICON,PCR,METAGENOMIC,SINGLE,0,0,PACBIO_SMRT,Sequel,SRP348487,PRJNA741708,,741708,SRS11179742,SAMN23486199,simple,1774142,human eye metagenome,D16,,,,,,,no,,,,,CHINA CDC,SRA1336454,,public,E440EDB8EA9DEDE34EF12287C36AAB79,E9933589B3741DBE3FFFAEF7A7C45495
SRR17068328,2022-12-12 00:01:10,2021-11-29 19:09:59,8086,12052416,0,1490,5,,https://sra-downloadb.be-md.ncbi.nlm.nih.gov/sos4/sra-pub-run-30/SRR017/17068/SRR17068328/SRR17068328.1,SRX13257003,D19,AMPLICON,PCR,METAGENOMIC,SINGLE,0,0,PACBIO_SMRT,Sequel,SRP348487,PRJNA741708,,741708,SRS11179726,SAMN23486185,simple,1774142,human eye metagenome,D19,,,,,,,no,,,,,CHINA CDC,SRA1336454,,public,3D0CBEF3970A7ACCFA1B397CE134D05A,49B70172D2E190213EA3A0977C84549B
SRR17068344,2022-12-12 00:01:09,2021-11-29 19:09:54,6467,9646268,0,1491,4,,https://sra-downloadb.be-md.ncbi.nlm.nih.gov/sos4/sra-pub-run-30/SRR017/17068/SRR17068344/SRR17068344.1,SRX13256987,D20,AMPLICON,PCR,METAGENOMIC,SINGLE,0,0,PACBIO_SMRT,Sequel,SRP348487,PRJNA741708,,741708,SRS11179711,SAMN23486171,simple,1774142,human eye metagenome,D20,,,,,,,no,,,,,CHINA CDC,SRA1336454,,public,5C86503864B61EC17F2A29B043587F70,994C61A527253B08477CDCEE3A0826FE
SRR17068326,2022-12-12 00:01:10,2021-11-29 19:09:58,8474,12728143,0,1502,5,,https://sra-downloadb.be-md.ncbi.nlm.nih.gov/sos4/sra-pub-run-30/SRR017/17068/SRR17068326/SRR17068326.1,SRX13257005,D22,AMPLICON,PCR,METAGENOMIC,SINGLE,0,0,PACBIO_SMRT,Sequel,SRP348487,PRJNA741708,,741708,SRS11179729,SAMN23486186,simple,1774142,human eye metagenome,D22,,,,,,,no,,,,,CHINA CDC,SRA1336454,,public,34D73B4C09D64735A4FC69D0287714D2,F22F09300C454ACD53237F8C72D20AC9
SRR17068322,2022-12-12 00:01:10,2021-11-29 19:09:52,6331,9446715,0,1492,4,,https://sra-downloadb.be-md.ncbi.nlm.nih.gov/sos4/sra-pub-run-30/SRR017/17068/SRR17068322/SRR17068322.1,SRX13257009,D32,AMPLICON,PCR,METAGENOMIC,SINGLE,0,0,PACBIO_SMRT,Sequel,SRP348487,PRJNA741708,,741708,SRS11179735,SAMN23486190,simple,1774142,human eye metagenome,D32,,,,,,,no,,,,,CHINA CDC,SRA1336454,,public,A79AC79592D4767E10AE1B5F9C880D0A,D79C18A3E62504C3A6A5983444AE2047
SRR17068318,2022-12-12 00:01:10,2021-11-29 19:09:50,5441,8105046,0,1489,3,,https://sra-downloadb.be-md.ncbi.nlm.nih.gov/sos4/sra-pub-run-30/SRR017/17068/SRR17068318/SRR17068318.1,SRX13257013,D35,AMPLICON,PCR,METAGENOMIC,SINGLE,0,0,PACBIO_SMRT,Sequel,SRP348487,PRJNA741708,,741708,SRS11179737,SAMN23486194,simple,1774142,human eye metagenome,D35,,,,,,,no,,,,,CHINA CDC,SRA1336454,,public,FB89AD2D16AEF95762B228CCC2B26BE7,B992A5AAC1B9F1848DE01E06A3D9A201
SRR17068315,2022-12-12 00:01:10,2021-11-29 19:09:49,7548,11235214,0,1488,4,,https://sra-downloadb.be-md.ncbi.nlm.nih.gov/sos4/sra-pub-run-30/SRR017/17068/SRR17068315/SRR17068315.1,SRX13257016,D40,AMPLICON,PCR,METAGENOMIC,SINGLE,0,0,PACBIO_SMRT,Sequel,SRP348487,PRJNA741708,,741708,SRS11179740,SAMN23486196,simple,1774142,human eye metagenome,D40,,,,,,,no,,,,,CHINA CDC,SRA1336454,,public,3EB95F51A4584D1B650A5DD7ACAE1612,EEF1C680042707A69C549318FF650777
SRR17068349,2022-12-12 00:01:09,2021-11-29 19:10:01,7153,10697987,0,1495,4,,https://sra-downloadb.be-md.ncbi.nlm.nih.gov/sos4/sra-pub-run-30/SRR017/17068/SRR17068349/SRR17068349.1,SRX13256982,D43,AMPLICON,PCR,METAGENOMIC,SINGLE,0,0,PACBIO_SMRT,Sequel,SRP348487,PRJNA741708,,741708,SRS11179705,SAMN23486166,simple,1774142,human eye metagenome,D43,,,,,,,no,,,,,CHINA CDC,SRA1336454,,public,76521EEC820F9156785233895A19511F,F5731F4500338294D3089DC98AF554C1
SRR17068311,2022-12-12 00:01:10,2021-11-29 19:09:47,4252,6320195,0,1486,2,,https://sra-downloadb.be-md.ncbi.nlm.nih.gov/sos4/sra-pub-run-30/SRR017/17068/SRR17068311/SRR17068311.1,SRX13257020,D5,AMPLICON,PCR,METAGENOMIC,SINGLE,0,0,PACBIO_SMRT,Sequel,SRP348487,PRJNA741708,,741708,SRS11179744,SAMN23486200,simple,1774142,human eye metagenome,D5,,,,,,,no,,,,,CHINA CDC,SRA1336454,,public,73C62A5025779BD59E76710A79FF5EF6,EBADE12D76FE1F1C4A53104BDD694E11
SRR17068305,2022-12-12 00:01:10,2021-11-29 19:09:46,4566,6726960,0,1473,2,,https://sra-downloadb.be-md.ncbi.nlm.nih.gov/sos4/sra-pub-run-30/SRR017/17068/SRR17068305/SRR17068305.1,SRX13257026,D52,AMPLICON,PCR,METAGENOMIC,SINGLE,0,0,PACBIO_SMRT,Sequel,SRP348487,PRJNA741708,,741708,SRS11179750,SAMN23486062,simple,1774142,human eye metagenome,D52,,,,,,,no,,,,,CHINA CDC,SRA1336454,,public,E5905C107603C246E8C9F4DE0B8CDAE8,221CA23FB2E844C7B18A8906AC99835A
SRR17068340,2022-12-12 00:01:09,2021-11-29 19:09:52,4186,6220347,0,1485,2,,https://sra-downloadb.be-md.ncbi.nlm.nih.gov/sos4/sra-pub-run-30/SRR017/17068/SRR17068340/SRR17068340.1,SRX13256991,D53,AMPLICON,PCR,METAGENOMIC,SINGLE,0,0,PACBIO_SMRT,Sequel,SRP348487,PRJNA741708,,741708,SRS11179715,SAMN23486175,simple,1774142,human eye metagenome,D53,,,,,,,no,,,,,CHINA CDC,SRA1336454,,public,80A640FD7A22B476DF8B71659889A079,1176C7C80227A72A6E7932B095564E5D
SRR17068334,2022-12-12 00:01:10,2021-11-29 19:09:57,7790,11542818,0,1481,5,,https://sra-downloadb.be-md.ncbi.nlm.nih.gov/sos4/sra-pub-run-30/SRR017/17068/SRR17068334/SRR17068334.1,SRX13256997,D56,AMPLICON,PCR,METAGENOMIC,SINGLE,0,0,PACBIO_SMRT,Sequel,SRP348487,PRJNA741708,,741708,SRS11179721,SAMN23486145,simple,1774142,human eye metagenome,D56,,,,,,,no,,,,,CHINA CDC,SRA1336454,,public,4209CE4ECAFAF9E94B367254ECB4E2FE,5B8C1021C877901A0F48D285E6161AC9
SRR17068323,2022-12-12 00:01:10,2021-11-29 19:09:52,5846,8642117,0,1478,3,,https://sra-downloadb.be-md.ncbi.nlm.nih.gov/sos4/sra-pub-run-30/SRR017/17068/SRR17068323/SRR17068323.1,SRX13257008,D59,AMPLICON,PCR,METAGENOMIC,SINGLE,0,0,PACBIO_SMRT,Sequel,SRP348487,PRJNA741708,,741708,SRS11179732,SAMN23486189,simple,1774142,human eye metagenome,D59,,,,,,,no,,,,,CHINA CDC,SRA1336454,,public,9F6E855BCC25812A7D87E5D1BE91F7D2,D01E54E719CC034FC05A7441BE0A2557
SRR17068345,2022-12-12 00:01:09,2021-11-29 19:09:48,2556,3824299,0,1496,1,,https://sra-downloadb.be-md.ncbi.nlm.nih.gov/sos4/sra-pub-run-30/SRR017/17068/SRR17068345/SRR17068345.1,SRX13256986,D6,AMPLICON,PCR,METAGENOMIC,SINGLE,0,0,PACBIO_SMRT,Sequel,SRP348487,PRJNA741708,,741708,SRS11179710,SAMN23486170,simple,1774142,human eye metagenome,D6,,,,,,,no,,,,,CHINA CDC,SRA1336454,,public,AA903C3A357F07D3B828BB5082062FC7,1910E3EF995ECE7CD55BBF755A56C38E
SRR17068309,2022-12-12 00:01:10,2021-11-29 19:09:53,7790,11527113,0,1479,5,,https://sra-downloadb.be-md.ncbi.nlm.nih.gov/sos4/sra-pub-run-30/SRR017/17068/SRR17068309/SRR17068309.1,SRX13257022,D64,AMPLICON,PCR,METAGENOMIC,SINGLE,0,0,PACBIO_SMRT,Sequel,SRP348487,PRJNA741708,,741708,SRS11179746,SAMN23486202,simple,1774142,human eye metagenome,D64,,,,,,,no,,,,,CHINA CDC,SRA1336454,,public,094C5BCE02EA131D72586C9726110BD6,534AF32EA7C65316812CE25AA0133BA3
SRR17068316,2022-12-12 00:01:10,2021-11-29 19:09:50,5844,8610537,0,1473,3,,https://sra-downloadb.be-md.ncbi.nlm.nih.gov/sos4/sra-pub-run-30/SRR017/17068/SRR17068316/SRR17068316.1,SRX13257015,D83,AMPLICON,PCR,METAGENOMIC,SINGLE,0,0,PACBIO_SMRT,Sequel,SRP348487,PRJNA741708,,741708,SRS11179738,SAMN23486061,simple,1774142,human eye metagenome,D83,,,,,,,no,,,,,CHINA CDC,SRA1336454,,public,D0A175F711674FBEE99B9D976A8F3FC4,5FAD36C30F56EB6463D6AA0FE790EF01
SRR17068343,2022-12-12 00:01:09,2021-11-29 19:10:12,18669,27957676,0,1497,12,,https://sra-downloadb.be-md.ncbi.nlm.nih.gov/sos4/sra-pub-run-30/SRR017/17068/SRR17068343/SRR17068343.1,SRX13256988,D90,AMPLICON,PCR,METAGENOMIC,SINGLE,0,0,PACBIO_SMRT,Sequel,SRP348487,PRJNA741708,,741708,SRS11179713,SAMN23486172,simple,1774142,human eye metagenome,D90,,,,,,,no,,,,,CHINA CDC,SRA1336454,,public,AC18300B472AE75AEDEC5AABD165270D,E9BAB9F9C93855C851252C2ACE5793E1
SRR17068347,2022-12-12 00:01:09,2021-11-29 19:09:59,6621,9890806,0,1493,3,,https://sra-downloadb.be-md.ncbi.nlm.nih.gov/sos4/sra-pub-run-30/SRR017/17068/SRR17068347/SRR17068347.1,SRX13256984,D99,AMPLICON,PCR,METAGENOMIC,SINGLE,0,0,PACBIO_SMRT,Sequel,SRP348487,PRJNA741708,,741708,SRS11179708,SAMN23486168,simple,1774142,human eye metagenome,D99,,,,,,,no,,,,,CHINA CDC,SRA1336454,,public,EA0183BE68CAF1878EC607A984DFFD5F,B62615861C0A9D4262F7E68E19DB92AD
SRR17068352,2022-12-12 00:01:09,2021-11-29 19:10:13,16643,24091112,0,1447,15,,https://sra-downloadb.be-md.ncbi.nlm.nih.gov/sos4/sra-pub-run-30/SRR017/17068/SRR17068352/SRR17068352.1,SRX13256979,PD2,AMPLICON,PCR,METAGENOMIC,SINGLE,0,0,PACBIO_SMRT,Sequel,SRP348487,PRJNA741708,,741708,SRS11179702,SAMN23486164,simple,1774142,human eye metagenome,PD2,,,,,,,no,,,,,CHINA CDC,SRA1336454,,public,FAD853F8735364FF1DC7E25857C87A40,0C9F0B6C3CD0E5957381BCEC9448EC65
SRR17068335,2022-12-12 00:01:10,2021-11-29 19:10:11,11635,17319194,0,1488,11,,https://sra-downloadb.be-md.ncbi.nlm.nih.gov/sos4/sra-pub-run-30/SRR017/17068/SRR17068335/SRR17068335.1,SRX13256996,PD9,AMPLICON,PCR,METAGENOMIC,SINGLE,0,0,PACBIO_SMRT,Sequel,SRP348487,PRJNA741708,,741708,SRS11179720,SAMN23486179,simple,1774142,human eye metagenome,PD9,,,,,,,no,,,,,CHINA CDC,SRA1336454,,public,07C519230C542CCA709DEA2C003F1525,1F11409FD5720DD6CBB8255CBD423EC7
SRR17068304,2022-12-12 00:01:10,2021-11-29 19:10:33,29558,44108471,0,1492,24,,https://sra-downloadb.be-md.ncbi.nlm.nih.gov/sos4/sra-pub-run-30/SRR017/17068/SRR17068304/SRR17068304.1,SRX13257027,PJL,AMPLICON,PCR,METAGENOMIC,SINGLE,0,0,PACBIO_SMRT,Sequel,SRP348487,PRJNA741708,,741708,SRS11179752,SAMN23486206,simple,1774142,human eye metagenome,PJL,,,,,,,no,,,,,CHINA CDC,SRA1336454,,public,8B36A16493DB493177F3153542DE2299,D79E2634C35C25EF0EF0F5AEB5DC3F15
SRR17068297,2022-12-12 00:01:10,2021-11-29 19:10:21,59478,87928129,0,1478,48,,https://sra-downloadb.be-md.ncbi.nlm.nih.gov/sos4/sra-pub-run-30/SRR017/17068/SRR17068297/SRR17068297.1,SRX13257034,PJR,AMPLICON,PCR,METAGENOMIC,SINGLE,0,0,PACBIO_SMRT,Sequel,SRP348487,PRJNA741708,,741708,SRS11179757,SAMN23486213,simple,1774142,human eye metagenome,PJR,,,,,,,no,,,,,CHINA CDC,SRA1336454,,public,F095982900FFF3148D569BEBFAE276FC,84F7083F3634E8A2F4DA0DB813F13312
SRR17068339,2022-12-12 00:01:09,2021-11-29 19:10:01,6851,10633565,0,1552,7,,https://sra-downloadb.be-md.ncbi.nlm.nih.gov/sos4/sra-pub-run-30/SRR017/17068/SRR17068339/SRR17068339.1,SRX13256992,PS5,AMPLICON,PCR,METAGENOMIC,SINGLE,0,0,PACBIO_SMRT,Sequel,SRP348487,PRJNA741708,,741708,SRS11179716,SAMN23486059,simple,1774142,human eye metagenome,PS5,,,,,,,no,,,,,CHINA CDC,SRA1336454,,public,EC263CA2F518EC44B7F88B44FED7A799,EE0F5FD3FC7923B82A2173309B7801C5
SRR17068331,2022-12-12 00:01:10,2021-11-29 19:09:54,4989,7756461,0,1554,5,,https://sra-downloadb.be-md.ncbi.nlm.nih.gov/sos4/sra-pub-run-30/SRR017/17068/SRR17068331/SRR17068331.1,SRX13257000,PS7,AMPLICON,PCR,METAGENOMIC,SINGLE,0,0,PACBIO_SMRT,Sequel,SRP348487,PRJNA741708,,741708,SRS11179724,SAMN23486182,simple,1774142,human eye metagenome,PS7,,,,,,,no,,,,,CHINA CDC,SRA1336454,,public,E5EB217E2C44C667D6B2983A45CF491E,9D670546877C51F34AEBDED2F82797CA
SRR17068351,2022-12-12 00:01:09,2021-11-29 19:10:03,8452,12345418,0,1460,4,,https://sra-downloadb.be-md.ncbi.nlm.nih.gov/sos4/sra-pub-run-30/SRR017/17068/SRR17068351/SRR17068351.1,SRX13256980,S106,AMPLICON,PCR,METAGENOMIC,SINGLE,0,0,PACBIO_SMRT,Sequel,SRP348487,PRJNA741708,,741708,SRS11179704,SAMN23486165,simple,1774142,human eye metagenome,S106,,,,,,,no,,,,,CHINA CDC,SRA1336454,,public,8F7442DCC23A2F63E46D7EB06E1E69EB,16E7532114CC0B18B7803440202B2415
SRR17068350,2022-12-12 00:01:09,2021-11-29 19:09:55,7447,11137907,0,1495,4,,https://sra-downloadb.be-md.ncbi.nlm.nih.gov/sos4/sra-pub-run-30/SRR017/17068/SRR17068350/SRR17068350.1,SRX13256981,S107,AMPLICON,PCR,METAGENOMIC,SINGLE,0,0,PACBIO_SMRT,Sequel,SRP348487,PRJNA741708,,741708,SRS11179707,SAMN23486058,simple,1774142,human eye metagenome,S107,,,,,,,no,,,,,CHINA CDC,SRA1336454,,public,FAAA59398D85914DB28F74D6D83E2E79,01C2407C10E9AC766C8D05C6DD9531A3
SRR17068313,2022-12-12 00:01:10,2021-11-29 19:10:03,12843,19229946,0,1497,8,,https://sra-downloadb.be-md.ncbi.nlm.nih.gov/sos4/sra-pub-run-30/SRR017/17068/SRR17068313/SRR17068313.1,SRX13257018,S111,AMPLICON,PCR,METAGENOMIC,SINGLE,0,0,PACBIO_SMRT,Sequel,SRP348487,PRJNA741708,,741708,SRS11179741,SAMN23486198,simple,1774142,human eye metagenome,S111,,,,,,,no,,,,,CHINA CDC,SRA1336454,,public,AC09DCB8F121455CD72563A17179B259,41FA1D22A4AD0EA0CAE3F294518030FE
SRR17068308,2022-12-12 00:01:10,2021-11-29 19:10:29,27846,41764390,0,1499,16,,https://sra-downloadb.be-md.ncbi.nlm.nih.gov/sos4/sra-pub-run-30/SRR017/17068/SRR17068308/SRR17068308.1,SRX13257023,S124,AMPLICON,PCR,METAGENOMIC,SINGLE,0,0,PACBIO_SMRT,Sequel,SRP348487,PRJNA741708,,741708,SRS11179747,SAMN23486203,simple,1774142,human eye metagenome,S124,,,,,,,no,,,,,CHINA CDC,SRA1336454,,public,C5CAC1E04529F0E085E89D356A5D92BC,EEDAE4AC3269A93F73389ECD297EEACC
SRR17068307,2022-12-12 00:01:10,2021-11-29 19:10:06,14077,21004493,0,1492,8,,https://sra-downloadb.be-md.ncbi.nlm.nih.gov/sos4/sra-pub-run-30/SRR017/17068/SRR17068307/SRR17068307.1,SRX13257024,S136,AMPLICON,PCR,METAGENOMIC,SINGLE,0,0,PACBIO_SMRT,Sequel,SRP348487,PRJNA741708,,741708,SRS11179749,SAMN23486204,simple,1774142,human eye metagenome,S136,,,,,,,no,,,,,CHINA CDC,SRA1336454,,public,E4EA6B9B7E5987571D3245AA99708E5B,32DD204DE396EFD6B1992A450242BDC8
SRR17068314,2022-12-12 00:01:10,2021-11-29 19:10:07,14293,21234707,0,1485,8,,https://sra-downloadb.be-md.ncbi.nlm.nih.gov/sos4/sra-pub-run-30/SRR017/17068/SRR17068314/SRR17068314.1,SRX13257017,S138,AMPLICON,PCR,METAGENOMIC,SINGLE,0,0,PACBIO_SMRT,Sequel,SRP348487,PRJNA741708,,741708,SRS11179743,SAMN23486197,simple,1774142,human eye metagenome,S138,,,,,,,no,,,,,CHINA CDC,SRA1336454,,public,D632B9F30D4726B4CE485092804E4F22,85C0F4BDAD5C10523ED4EE451E77A149
SRR17068320,2022-12-12 00:01:10,2021-11-29 19:10:03,12866,19337678,0,1503,7,,https://sra-downloadb.be-md.ncbi.nlm.nih.gov/sos4/sra-pub-run-30/SRR017/17068/SRR17068320/SRR17068320.1,SRX13257011,S15,AMPLICON,PCR,METAGENOMIC,SINGLE,0,0,PACBIO_SMRT,Sequel,SRP348487,PRJNA741708,,741708,SRS11179734,SAMN23486192,simple,1774142,human eye metagenome,S15,,,,,,,no,,,,,CHINA CDC,SRA1336454,,public,C4BFD5B28EAC38B4F45364A607A78D83,33B1258B46A6B347EEF2B851EE0B7228
SRR17068327,2022-12-12 00:01:10,2021-11-29 19:09:53,8953,13395194,0,1496,5,,https://sra-downloadb.be-md.ncbi.nlm.nih.gov/sos4/sra-pub-run-30/SRR017/17068/SRR17068327/SRR17068327.1,SRX13257004,S19,AMPLICON,PCR,METAGENOMIC,SINGLE,0,0,PACBIO_SMRT,Sequel,SRP348487,PRJNA741708,,741708,SRS11179728,SAMN23486060,simple,1774142,human eye metagenome,S19,,,,,,,no,,,,,CHINA CDC,SRA1336454,,public,373CF8DACD05FE5837CF264DC414E1FC,82388DB82B3F459C0E38CEB7FCD62EAC
SRR17068302,2022-12-12 00:01:10,2021-11-29 19:09:56,9021,13437683,0,1489,5,,https://sra-downloadb.be-md.ncbi.nlm.nih.gov/sos4/sra-pub-run-30/SRR017/17068/SRR17068302/SRR17068302.1,SRX13257029,S22,AMPLICON,PCR,METAGENOMIC,SINGLE,0,0,PACBIO_SMRT,Sequel,SRP348487,PRJNA741708,,741708,SRS11179753,SAMN23486208,simple,1774142,human eye metagenome,S22,,,,,,,no,,,,,CHINA CDC,SRA1336454,,public,4B27644CA9EDF942AACB4A054C272879,AAFD6FAF7D9FBFA6BB1620F9477138CB
SRR17068348,2022-12-12 00:01:09,2021-11-29 19:10:03,8151,12380476,0,1518,5,,https://sra-downloadb.be-md.ncbi.nlm.nih.gov/sos4/sra-pub-run-30/SRR017/17068/SRR17068348/SRR17068348.1,SRX13256983,S3,AMPLICON,PCR,METAGENOMIC,SINGLE,0,0,PACBIO_SMRT,Sequel,SRP348487,PRJNA741708,,741708,SRS11179706,SAMN23486167,simple,1774142,human eye metagenome,S3,,,,,,,no,,,,,CHINA CDC,SRA1336454,,public,07A2D6FB8728728DB0E77D755C795B44,D79AAB10110317CAE96158B8ACCDF226
SRR17068317,2022-12-12 00:01:10,2021-11-29 19:09:57,8551,12711174,0,1486,4,,https://sra-downloadb.be-md.ncbi.nlm.nih.gov/sos4/sra-pub-run-30/SRR017/17068/SRR17068317/SRR17068317.1,SRX13257014,S30,AMPLICON,PCR,METAGENOMIC,SINGLE,0,0,PACBIO_SMRT,Sequel,SRP348487,PRJNA741708,,741708,SRS11179739,SAMN23486195,simple,1774142,human eye metagenome,S30,,,,,,,no,,,,,CHINA CDC,SRA1336454,,public,18068539FCB407DBD09F8B6E685B3514,36D139BBFAF1F117CF28CE99B4D37817
SRR17068329,2022-12-12 00:01:10,2021-11-29 19:10:10,15716,23146141,0,1472,9,,https://sra-downloadb.be-md.ncbi.nlm.nih.gov/sos4/sra-pub-run-30/SRR017/17068/SRR17068329/SRR17068329.1,SRX13257002,S36,AMPLICON,PCR,METAGENOMIC,SINGLE,0,0,PACBIO_SMRT,Sequel,SRP348487,PRJNA741708,,741708,SRS11179725,SAMN23486184,simple,1774142,human eye metagenome,S36,,,,,,,no,,,,,CHINA CDC,SRA1336454,,public,18E638CE1B15B943A2A54E97A47A163B,05D0D76FEE4FBE00892F7B264CE15EBC
SRR17068299,2022-12-12 00:01:10,2021-11-29 19:09:58,14984,22340509,0,1490,8,,https://sra-downloadb.be-md.ncbi.nlm.nih.gov/sos4/sra-pub-run-30/SRR017/17068/SRR17068299/SRR17068299.1,SRX13257032,S37,AMPLICON,PCR,METAGENOMIC,SINGLE,0,0,PACBIO_SMRT,Sequel,SRP348487,PRJNA741708,,741708,SRS11179758,SAMN23486211,simple,1774142,human eye metagenome,S37,,,,,,,no,,,,,CHINA CDC,SRA1336454,,public,E490E6C2375667260967E4609EB7FD33,09D87226F58765E6923914792D8E64FB
SRR17068321,2022-12-12 00:01:10,2021-11-29 19:09:55,9340,14025295,0,1501,5,,https://sra-downloadb.be-md.ncbi.nlm.nih.gov/sos4/sra-pub-run-30/SRR017/17068/SRR17068321/SRR17068321.1,SRX13257010,S40,AMPLICON,PCR,METAGENOMIC,SINGLE,0,0,PACBIO_SMRT,Sequel,SRP348487,PRJNA741708,,741708,SRS11179733,SAMN23486191,simple,1774142,human eye metagenome,S40,,,,,,,no,,,,,CHINA CDC,SRA1336454,,public,0C599AD56A65702A5DE7C91C74EBA9D9,0984D10622D3522E6E9AC31214E1CA43
SRR17068319,2022-12-12 00:01:10,2021-11-29 19:09:51,8101,12008686,0,1482,5,,https://sra-downloadb.be-md.ncbi.nlm.nih.gov/sos4/sra-pub-run-30/SRR017/17068/SRR17068319/SRR17068319.1,SRX13257012,S51,AMPLICON,PCR,METAGENOMIC,SINGLE,0,0,PACBIO_SMRT,Sequel,SRP348487,PRJNA741708,,741708,SRS11179736,SAMN23486193,simple,1774142,human eye metagenome,S51,,,,,,,no,,,,,CHINA CDC,SRA1336454,,public,66255A0833A76F6F0B6CC98371A84408,300600F6BF70DB244DFB682CC5CAF73B
SRR17068295,2022-12-12 00:01:10,2021-11-29 19:10:06,15927,23543630,0,1478,10,,https://sra-downloadb.be-md.ncbi.nlm.nih.gov/sos4/sra-pub-run-30/SRR017/17068/SRR17068295/SRR17068295.1,SRX13257036,S58,AMPLICON,PCR,METAGENOMIC,SINGLE,0,0,PACBIO_SMRT,Sequel,SRP348487,PRJNA741708,,741708,SRS11179761,SAMN23486215,simple,1774142,human eye metagenome,S58,,,,,,,no,,,,,CHINA CDC,SRA1336454,,public,08FECCA5EFD74F0C6E4023252E9D94ED,22BF460BA742825CCF4E284CF7EC2EFD
SRR17068332,2022-12-12 00:01:10,2021-11-29 19:10:00,10575,15993115,0,1512,7,,https://sra-downloadb.be-md.ncbi.nlm.nih.gov/sos4/sra-pub-run-30/SRR017/17068/SRR17068332/SRR17068332.1,SRX13256999,S6,AMPLICON,PCR,METAGENOMIC,SINGLE,0,0,PACBIO_SMRT,Sequel,SRP348487,PRJNA741708,,741708,SRS11179723,SAMN23486181,simple,1774142,human eye metagenome,S6,,,,,,,no,,,,,CHINA CDC,SRA1336454,,public,A15FAA28858FA5541E263370B6A17C7A,2B354BF6AE7A2922F9E40F382E8227E6
SRR17068337,2022-12-12 00:01:09,2021-11-29 19:10:00,7196,10652235,0,1480,4,,https://sra-downloadb.be-md.ncbi.nlm.nih.gov/sos4/sra-pub-run-30/SRR017/17068/SRR17068337/SRR17068337.1,SRX13256994,S60,AMPLICON,PCR,METAGENOMIC,SINGLE,0,0,PACBIO_SMRT,Sequel,SRP348487,PRJNA741708,,741708,SRS11179718,SAMN23486177,simple,1774142,human eye metagenome,S60,,,,,,,no,,,,,CHINA CDC,SRA1336454,,public,186547FFD6D626AE5015BB7FECD48B26,5775FECE19724D72D4C24CB7C9E17BDC
SRR17068296,2022-12-12 00:01:10,2021-11-29 19:09:40,910,1335448,0,1467,0,,https://sra-downloadb.be-md.ncbi.nlm.nih.gov/sos4/sra-pub-run-30/SRR017/17068/SRR17068296/SRR17068296.1,SRX13257035,S62,AMPLICON,PCR,METAGENOMIC,SINGLE,0,0,PACBIO_SMRT,Sequel,SRP348487,PRJNA741708,,741708,SRS11179759,SAMN23486214,simple,1774142,human eye metagenome,S62,,,,,,,no,,,,,CHINA CDC,SRA1336454,,public,00102AB0DFCFE11B3F481C6FABC27F23,60CD50CADAF2D7C48D9E68AD7BCC3D03
SRR17068330,2022-12-12 00:01:10,2021-11-29 19:09:53,5410,8038934,0,1485,3,,https://sra-downloadb.be-md.ncbi.nlm.nih.gov/sos4/sra-pub-run-30/SRR017/17068/SRR17068330/SRR17068330.1,SRX13257001,S63,AMPLICON,PCR,METAGENOMIC,SINGLE,0,0,PACBIO_SMRT,Sequel,SRP348487,PRJNA741708,,741708,SRS11179727,SAMN23486183,simple,1774142,human eye metagenome,S63,,,,,,,no,,,,,CHINA CDC,SRA1336454,,public,11FE3627D7747699BAC02C404A391E34,27557F3FF107A19913FE7C17D54598D5
SRR17068303,2022-12-12 00:01:10,2021-11-29 19:09:40,1232,1821790,0,1478,0,,https://sra-downloadb.be-md.ncbi.nlm.nih.gov/sos4/sra-pub-run-30/SRR017/17068/SRR17068303/SRR17068303.1,SRX13257028,S64,AMPLICON,PCR,METAGENOMIC,SINGLE,0,0,PACBIO_SMRT,Sequel,SRP348487,PRJNA741708,,741708,SRS11179751,SAMN23486207,simple,1774142,human eye metagenome,S64,,,,,,,no,,,,,CHINA CDC,SRA1336454,,public,A1A5D86FBDA0B0E081FD29F0A6A4A027,534F323A83D7BE0EB23E3DDC85244310
SRR17068298,2022-12-12 00:01:10,2021-11-29 19:09:45,3031,4464845,0,1473,2,,https://sra-downloadb.be-md.ncbi.nlm.nih.gov/sos4/sra-pub-run-30/SRR017/17068/SRR17068298/SRR17068298.1,SRX13257033,S66,AMPLICON,PCR,METAGENOMIC,SINGLE,0,0,PACBIO_SMRT,Sequel,SRP348487,PRJNA741708,,741708,SRS11179756,SAMN23486212,simple,1774142,human eye metagenome,S66,,,,,,,no,,,,,CHINA CDC,SRA1336454,,public,F707D159DBC476498F98DB3F961F99EB,177894406A694FB7329E528AF2C43D07
SRR17068300,2022-12-12 00:01:10,2021-11-29 19:09:36,529,775449,0,1465,0,,https://sra-downloadb.be-md.ncbi.nlm.nih.gov/sos4/sra-pub-run-30/SRR017/17068/SRR17068300/SRR17068300.1,SRX13257031,S68,AMPLICON,PCR,METAGENOMIC,SINGLE,0,0,PACBIO_SMRT,Sequel,SRP348487,PRJNA741708,,741708,SRS11179754,SAMN23486210,simple,1774142,human eye metagenome,S68,,,,,,,no,,,,,CHINA CDC,SRA1336454,,public,D7C7994E1B8301E0B6300D0B78F5C90A,553A19BE36B67AC22B0846F086113CBE
SRR17068306,2022-12-12 00:01:10,2021-11-29 19:09:50,6069,9253107,0,1524,3,,https://sra-downloadb.be-md.ncbi.nlm.nih.gov/sos4/sra-pub-run-30/SRR017/17068/SRR17068306/SRR17068306.1,SRX13257025,S71,AMPLICON,PCR,METAGENOMIC,SINGLE,0,0,PACBIO_SMRT,Sequel,SRP348487,PRJNA741708,,741708,SRS11179748,SAMN23486205,simple,1774142,human eye metagenome,S71,,,,,,,no,,,,,CHINA CDC,SRA1336454,,public,0647F3DC5EC98AC9058A7A99278ACC73,1E76753B9D40D3DF965A42754C38FA1F
SRR17068301,2022-12-12 00:01:10,2021-11-29 19:09:36,216,316549,0,1465,0,,https://sra-downloadb.be-md.ncbi.nlm.nih.gov/sos4/sra-pub-run-30/SRR017/17068/SRR17068301/SRR17068301.1,SRX13257030,S73,AMPLICON,PCR,METAGENOMIC,SINGLE,0,0,PACBIO_SMRT,Sequel,SRP348487,PRJNA741708,,741708,SRS11179755,SAMN23486209,simple,1774142,human eye metagenome,S73,,,,,,,no,,,,,CHINA CDC,SRA1336454,,public,F0A42F1051218FE7FFA545C70E341E0D,B10C8B2C137340C5A2591413F30EBACB
SRR17068338,2022-12-12 00:01:09,2021-11-29 19:09:50,3484,5207068,0,1494,2,,https://sra-downloadb.be-md.ncbi.nlm.nih.gov/sos4/sra-pub-run-30/SRR017/17068/SRR17068338/SRR17068338.1,SRX13256993,S8,AMPLICON,PCR,METAGENOMIC,SINGLE,0,0,PACBIO_SMRT,Sequel,SRP348487,PRJNA741708,,741708,SRS11179717,SAMN23486176,simple,1774142,human eye metagenome,S8,,,,,,,no,,,,,CHINA CDC,SRA1336454,,public,6378796408285D631329248C85341DA3,087DD0A493C26A91E39EB73D53D1C19E
SRR17068324,2022-12-12 00:01:10,2021-11-29 19:09:58,8823,12944006,0,1467,5,,https://sra-downloadb.be-md.ncbi.nlm.nih.gov/sos4/sra-pub-run-30/SRR017/17068/SRR17068324/SRR17068324.1,SRX13257007,S94,AMPLICON,PCR,METAGENOMIC,SINGLE,0,0,PACBIO_SMRT,Sequel,SRP348487,PRJNA741708,,741708,SRS11179731,SAMN23486188,simple,1774142,human eye metagenome,S94,,,,,,,no,,,,,CHINA CDC,SRA1336454,,public,EBED7284A098B1FE145E3B83672C4520,A865988BA252452D22F6392256DD2F04
SRR17068310,2022-12-12 00:01:10,2021-11-29 19:10:13,22409,33583697,0,1498,13,,https://sra-downloadb.be-md.ncbi.nlm.nih.gov/sos4/sra-pub-run-30/SRR017/17068/SRR17068310/SRR17068310.1,SRX13257021,S96,AMPLICON,PCR,METAGENOMIC,SINGLE,0,0,PACBIO_SMRT,Sequel,SRP348487,PRJNA741708,,741708,SRS11179745,SAMN23486201,simple,1774142,human eye metagenome,S96,,,,,,,no,,,,,CHINA CDC,SRA1336454,,public,793A16941F7E89FBA4431EB92DB5D219,F01FE97E8FC7381FC3CAC47B2E7E1D72
SRR17068381,2022-12-12 00:01:09,2021-11-29 19:10:01,5022,7468502,0,1487,3,,https://sra-downloadb.be-md.ncbi.nlm.nih.gov/sos4/sra-pub-run-30/SRR017/17068/SRR17068381/SRR17068381.1,SRX13256950,D1,AMPLICON,PCR,METAGENOMIC,SINGLE,0,0,PACBIO_SMRT,Sequel,SRP348487,PRJNA741708,,741708,SRS11179673,SAMN23486138,simple,1774142,human eye metagenome,D1,,,,,,,no,,,,,CHINA CDC,SRA1336454,,public,DA3CED8FC561D6868482D5247BE49E1C,1183C7F67F9CBE07D7ED0144C80F0C23
SRR17068396,2022-12-12 00:01:09,2021-11-29 19:10:44,27237,40335782,0,1480,15,,https://sra-downloadb.be-md.ncbi.nlm.nih.gov/sos4/sra-pub-run-30/SRR017/17068/SRR17068396/SRR17068396.1,SRX13256935,D103,AMPLICON,PCR,METAGENOMIC,SINGLE,0,0,PACBIO_SMRT,Sequel,SRP348487,PRJNA741708,,741708,SRS11179659,SAMN23486125,simple,1774142,human eye metagenome,D103,,,,,,,no,,,,,CHINA CDC,SRA1336454,,public,F1AF9F4B711DE88877784AB332E2783F,4BE34411428609ABA8F3B31E535D7A1D
SRR17068364,2022-12-12 00:01:09,2021-11-29 19:09:58,5238,7874151,0,1503,3,,https://sra-downloadb.be-md.ncbi.nlm.nih.gov/sos4/sra-pub-run-30/SRR017/17068/SRR17068364/SRR17068364.1,SRX13256967,D110,AMPLICON,PCR,METAGENOMIC,SINGLE,0,0,PACBIO_SMRT,Sequel,SRP348487,PRJNA741708,,741708,SRS11179691,SAMN23486153,simple,1774142,human eye metagenome,D110,,,,,,,no,,,,,CHINA CDC,SRA1336454,,public,CDAAD0405A2E86CE8817A14617146122,6D152ED008E28A0811E36F26F027BA6C
SRR17068357,2022-12-12 00:01:09,2021-11-29 19:10:04,9091,13519918,0,1487,5,,https://sra-downloadb.be-md.ncbi.nlm.nih.gov/sos4/sra-pub-run-30/SRR017/17068/SRR17068357/SRR17068357.1,SRX13256974,D120,AMPLICON,PCR,METAGENOMIC,SINGLE,0,0,PACBIO_SMRT,Sequel,SRP348487,PRJNA741708,,741708,SRS11179698,SAMN23486159,simple,1774142,human eye metagenome,D120,,,,,,,no,,,,,CHINA CDC,SRA1336454,,public,F5A142DEEA646A26C4C66E6AFF45E175,52E9C2CAB48FFF79F0CD0F38CBDF85FB
SRR17068360,2022-12-12 00:01:09,2021-11-29 19:10:18,15434,22984774,0,1489,9,,https://sra-downloadb.be-md.ncbi.nlm.nih.gov/sos4/sra-pub-run-30/SRR017/17068/SRR17068360/SRR17068360.1,SRX13256971,D122,AMPLICON,PCR,METAGENOMIC,SINGLE,0,0,PACBIO_SMRT,Sequel,SRP348487,PRJNA741708,,741708,SRS11179694,SAMN23486156,simple,1774142,human eye metagenome,D122,,,,,,,no,,,,,CHINA CDC,SRA1336454,,public,7DE1D31C1A7E0B18991A07BD1E2ACC3E,16238C3B925B96735C58452CC2EC6EDD
SRR17068402,2022-12-12 00:01:09,2021-11-29 19:10:21,13991,20940291,0,1496,8,,https://sra-downloadb.be-md.ncbi.nlm.nih.gov/sos4/sra-pub-run-30/SRR017/17068/SRR17068402/SRR17068402.1,SRX13256929,D124,AMPLICON,PCR,METAGENOMIC,SINGLE,0,0,PACBIO_SMRT,Sequel,SRP348487,PRJNA741708,,741708,SRS11179653,SAMN23486119,simple,1774142,human eye metagenome,D124,,,,,,,no,,,,,CHINA CDC,SRA1336454,,public,F67DEEF617A6D5569075689F328AFD6E,D46378B6E9E2B3C9A5A7C3C4B53E79A5
SRR17068380,2022-12-12 00:01:09,2021-11-29 19:10:05,8962,13341107,0,1488,5,,https://sra-downloadb.be-md.ncbi.nlm.nih.gov/sos4/sra-pub-run-30/SRR017/17068/SRR17068380/SRR17068380.1,SRX13256951,D127,AMPLICON,PCR,METAGENOMIC,SINGLE,0,0,PACBIO_SMRT,Sequel,SRP348487,PRJNA741708,,741708,SRS11179675,SAMN23486139,simple,1774142,human eye metagenome,D127,,,,,,,no,,,,,CHINA CDC,SRA1336454,,public,29FFEBFFFD1CCFCE47CE4E39A575BDEB,389C00AB7840B69C113DBD54B6D03B61
SRR17068367,2022-12-12 00:01:09,2021-11-29 19:09:56,4118,6125343,0,1487,2,,https://sra-downloadb.be-md.ncbi.nlm.nih.gov/sos4/sra-pub-run-30/SRR017/17068/SRR17068367/SRR17068367.1,SRX13256964,D128,AMPLICON,PCR,METAGENOMIC,SINGLE,0,0,PACBIO_SMRT,Sequel,SRP348487,PRJNA741708,,741708,SRS11179689,SAMN23486150,simple,1774142,human eye metagenome,D128,,,,,,,no,,,,,CHINA CDC,SRA1336454,,public,81C4E53451231737E5EF1214BA3306C4,431F6C363976F9AF6E71BF719F2654D5
SRR17068361,2022-12-12 00:01:09,2021-11-29 19:10:18,4556,6753099,0,1482,2,,https://sra-downloadb.be-md.ncbi.nlm.nih.gov/sos4/sra-pub-run-30/SRR017/17068/SRR17068361/SRR17068361.1,SRX13256970,D130,AMPLICON,PCR,METAGENOMIC,SINGLE,0,0,PACBIO_SMRT,Sequel,SRP348487,PRJNA741708,,741708,SRS11179693,SAMN23486057,simple,1774142,human eye metagenome,D130,,,,,,,no,,,,,CHINA CDC,SRA1336454,,public,69F120746C950E5BDA532BF2E4D1C473,BBF0A208A79C06B6A9FDFAD5E1BDEE03
SRR17068412,2022-12-12 00:01:09,2021-11-29 19:10:05,5632,8364492,0,1485,3,,https://sra-downloadb.be-md.ncbi.nlm.nih.gov/sos4/sra-pub-run-30/SRR017/17068/SRR17068412/SRR17068412.1,SRX13256919,D131,AMPLICON,PCR,METAGENOMIC,SINGLE,0,0,PACBIO_SMRT,Sequel,SRP348487,PRJNA741708,,741708,SRS11179642,SAMN23486110,simple,1774142,human eye metagenome,D131,,,,,,,no,,,,,CHINA CDC,SRA1336454,,public,B7F4825DAB005085F8094229B4FD0E36,610FD89AC0A1AB449B8C56FBEFDAD4EF
SRR17068363,2022-12-12 00:01:09,2021-11-29 19:10:15,13637,20566504,0,1508,8,,https://sra-downloadb.be-md.ncbi.nlm.nih.gov/sos4/sra-pub-run-30/SRR017/17068/SRR17068363/SRR17068363.1,SRX13256968,D135,AMPLICON,PCR,METAGENOMIC,SINGLE,0,0,PACBIO_SMRT,Sequel,SRP348487,PRJNA741708,,741708,SRS11179692,SAMN23486154,simple,1774142,human eye metagenome,D135,,,,,,,no,,,,,CHINA CDC,SRA1336454,,public,C3F0E712789C1424D35997C5FFE0B5DB,C2D9504738D6EB1C329AAA92927246C4
SRR17068371,2022-12-12 00:01:09,2021-11-29 19:10:03,6697,9845631,0,1470,3,,https://sra-downloadb.be-md.ncbi.nlm.nih.gov/sos4/sra-pub-run-30/SRR017/17068/SRR17068371/SRR17068371.1,SRX13256960,D17,AMPLICON,PCR,METAGENOMIC,SINGLE,0,0,PACBIO_SMRT,Sequel,SRP348487,PRJNA741708,,741708,SRS11179684,SAMN23486146,simple,1774142,human eye metagenome,D17,,,,,,,no,,,,,CHINA CDC,SRA1336454,,public,B721783BEEF4406E5102C9985ABB2FAB,CA2FA6F4D568A9DDED9A61677E7850D2
SRR17068398,2022-12-12 00:01:09,2021-11-29 19:10:00,3537,5200410,0,1470,2,,https://sra-downloadb.be-md.ncbi.nlm.nih.gov/sos4/sra-pub-run-30/SRR017/17068/SRR17068398/SRR17068398.1,SRX13256933,D2,AMPLICON,PCR,METAGENOMIC,SINGLE,0,0,PACBIO_SMRT,Sequel,SRP348487,PRJNA741708,,741708,SRS11179657,SAMN23486123,simple,1774142,human eye metagenome,D2,,,,,,,no,,,,,CHINA CDC,SRA1336454,,public,D8FE56BCBBA84D4ED8A12FBA16FA0774,67B07E46F1ED8A9CD75C70B17FA12B6E
SRR17068384,2022-12-12 00:01:09,2021-11-29 19:10:03,5814,8711808,0,1498,3,,https://sra-downloadb.be-md.ncbi.nlm.nih.gov/sos4/sra-pub-run-30/SRR017/17068/SRR17068384/SRR17068384.1,SRX13256947,D21,AMPLICON,PCR,METAGENOMIC,SINGLE,0,0,PACBIO_SMRT,Sequel,SRP348487,PRJNA741708,,741708,SRS11179671,SAMN23486055,simple,1774142,human eye metagenome,D21,,,,,,,no,,,,,CHINA CDC,SRA1336454,,public,50D1778AE8AA0F6EB549F9D0343B19E6,FB28910330E987F10EC932D170FE540E
SRR17068408,2022-12-12 00:01:09,2021-11-29 19:10:08,6413,9563828,0,1491,4,,https://sra-downloadb.be-md.ncbi.nlm.nih.gov/sos4/sra-pub-run-30/SRR017/17068/SRR17068408/SRR17068408.1,SRX13256923,D23,AMPLICON,PCR,METAGENOMIC,SINGLE,0,0,PACBIO_SMRT,Sequel,SRP348487,PRJNA741708,,741708,SRS11179648,SAMN23486114,simple,1774142,human eye metagenome,D23,,,,,,,no,,,,,CHINA CDC,SRA1336454,,public,195DF2FA90DFFBE3A52D7D1E17CCC7B7,2621423015F67A01185EF237698D07E9
SRR17068386,2022-12-12 00:01:09,2021-11-29 19:10:10,9654,14313897,0,1482,6,,https://sra-downloadb.be-md.ncbi.nlm.nih.gov/sos4/sra-pub-run-30/SRR017/17068/SRR17068386/SRR17068386.1,SRX13256945,D30,AMPLICON,PCR,METAGENOMIC,SINGLE,0,0,PACBIO_SMRT,Sequel,SRP348487,PRJNA741708,,741708,SRS11179669,SAMN23486134,simple,1774142,human eye metagenome,D30,,,,,,,no,,,,,CHINA CDC,SRA1336454,,public,D7875F8408ECC5DE4FF04C00A12DC86F,364953CD8DBA117E2A14AE1397189FC0
SRR17068397,2022-12-12 00:01:09,2021-11-29 19:10:11,8928,13274257,0,1486,5,,https://sra-downloadb.be-md.ncbi.nlm.nih.gov/sos4/sra-pub-run-30/SRR017/17068/SRR17068397/SRR17068397.1,SRX13256934,D33,AMPLICON,PCR,METAGENOMIC,SINGLE,0,0,PACBIO_SMRT,Sequel,SRP348487,PRJNA741708,,741708,SRS11179658,SAMN23486124,simple,1774142,human eye metagenome,D33,,,,,,,no,,,,,CHINA CDC,SRA1336454,,public,080FCC88CAD6132D2A617C29A5307D8F,E411FD3BC70EDFA0D795A13F3DD6BB6C
SRR17068406,2022-12-12 00:01:09,2021-11-29 19:10:23,12294,18197294,0,1480,7,,https://sra-downloadb.be-md.ncbi.nlm.nih.gov/sos4/sra-pub-run-30/SRR017/17068/SRR17068406/SRR17068406.1,SRX13256925,D36,AMPLICON,PCR,METAGENOMIC,SINGLE,0,0,PACBIO_SMRT,Sequel,SRP348487,PRJNA741708,,741708,SRS11179649,SAMN23486053,simple,1774142,human eye metagenome,D36,,,,,,,no,,,,,CHINA CDC,SRA1336454,,public,A9262DAB9DAD9AA3AE48EEAE4AFA80A6,8D0BA2F009B12A02F7F926CD35249631
SRR17068388,2022-12-12 00:01:09,2021-11-29 19:10:02,4291,6419544,0,1496,2,,https://sra-downloadb.be-md.ncbi.nlm.nih.gov/sos4/sra-pub-run-30/SRR017/17068/SRR17068388/SRR17068388.1,SRX13256943,D38,AMPLICON,PCR,METAGENOMIC,SINGLE,0,0,PACBIO_SMRT,Sequel,SRP348487,PRJNA741708,,741708,SRS11179668,SAMN23486132,simple,1774142,human eye metagenome,D38,,,,,,,no,,,,,CHINA CDC,SRA1336454,,public,433385B23FB77E21738F23737D606008,4E44EF467FA676F38F2F466CF96CDC70
SRR17068379,2022-12-12 00:01:09,2021-11-29 19:09:58,4359,6474391,0,1485,2,,https://sra-downloadb.be-md.ncbi.nlm.nih.gov/sos4/sra-pub-run-30/SRR017/17068/SRR17068379/SRR17068379.1,SRX13256952,D4,AMPLICON,PCR,METAGENOMIC,SINGLE,0,0,PACBIO_SMRT,Sequel,SRP348487,PRJNA741708,,741708,SRS11179676,SAMN23486140,simple,1774142,human eye metagenome,D4,,,,,,,no,,,,,CHINA CDC,SRA1336454,,public,29AADC1A1835012D3F7B4D36AFC0DB06,120AF156B0836AFD9062F4FEE039FA65
SRR17068385,2022-12-12 00:01:09,2021-11-29 19:10:08,8721,12903975,0,1479,5,,https://sra-downloadb.be-md.ncbi.nlm.nih.gov/sos4/sra-pub-run-30/SRR017/17068/SRR17068385/SRR17068385.1,SRX13256946,D44,AMPLICON,PCR,METAGENOMIC,SINGLE,0,0,PACBIO_SMRT,Sequel,SRP348487,PRJNA741708,,741708,SRS11179670,SAMN23486135,simple,1774142,human eye metagenome,D44,,,,,,,no,,,,,CHINA CDC,SRA1336454,,public,B4BBB5407D6E2B76D369ACD3A16CE442,1956E46A5A94366CA108522FAC241A37
SRR17068372,2022-12-12 00:01:09,2021-11-29 19:09:55,3006,4442391,0,1477,2,,https://sra-downloadb.be-md.ncbi.nlm.nih.gov/sos4/sra-pub-run-30/SRR017/17068/SRR17068372/SRR17068372.1,SRX13256959,D47,AMPLICON,PCR,METAGENOMIC,SINGLE,0,0,PACBIO_SMRT,Sequel,SRP348487,PRJNA741708,,741708,SRS11179683,SAMN23486056,simple,1774142,human eye metagenome,D47,,,,,,,no,,,,,CHINA CDC,SRA1336454,,public,B09DC2B60BC63C5F873EBCD859D01B8A,CDE633856A018BAB4672F5F5C741AD58
SRR17068366,2022-12-12 00:01:09,2021-11-29 19:10:31,20884,31121876,0,1490,13,,https://sra-downloadb.be-md.ncbi.nlm.nih.gov/sos4/sra-pub-run-30/SRR017/17068/SRR17068366/SRR17068366.1,SRX13256965,D48,AMPLICON,PCR,METAGENOMIC,SINGLE,0,0,PACBIO_SMRT,Sequel,SRP348487,PRJNA741708,,741708,SRS11179688,SAMN23486151,simple,1774142,human eye metagenome,D48,,,,,,,no,,,,,CHINA CDC,SRA1336454,,public,BDAA0F770DC8786E218C99B097C02787,B3EB741DCFF271195D64FA690EFD5044
SRR17068378,2022-12-12 00:01:09,2021-11-29 19:09:49,702,1029622,0,1466,0,,https://sra-downloadb.be-md.ncbi.nlm.nih.gov/sos4/sra-pub-run-30/SRR017/17068/SRR17068378/SRR17068378.1,SRX13256953,D51,AMPLICON,PCR,METAGENOMIC,SINGLE,0,0,PACBIO_SMRT,Sequel,SRP348487,PRJNA741708,,741708,SRS11179677,SAMN23486141,simple,1774142,human eye metagenome,D51,,,,,,,no,,,,,CHINA CDC,SRA1336454,,public,BC47A338E2D665A70AA0483BC9795097,61C13FB26DD0E9AE00E9699CACD5D096
SRR17068365,2022-12-12 00:01:09,2021-11-29 19:10:03,8295,12273004,0,1479,5,,https://sra-downloadb.be-md.ncbi.nlm.nih.gov/sos4/sra-pub-run-30/SRR017/17068/SRR17068365/SRR17068365.1,SRX13256966,D57,AMPLICON,PCR,METAGENOMIC,SINGLE,0,0,PACBIO_SMRT,Sequel,SRP348487,PRJNA741708,,741708,SRS11179690,SAMN23486152,simple,1774142,human eye metagenome,D57,,,,,,,no,,,,,CHINA CDC,SRA1336454,,public,5885EAB1A2C5E16360980A5730AE08A0,0AC4C304DD96CECD1BEB512BBBCFC496
SRR17068390,2022-12-12 00:01:09,2021-11-29 19:09:56,2205,3268744,0,1482,1,,https://sra-downloadb.be-md.ncbi.nlm.nih.gov/sos4/sra-pub-run-30/SRR017/17068/SRR17068390/SRR17068390.1,SRX13256941,D61,AMPLICON,PCR,METAGENOMIC,SINGLE,0,0,PACBIO_SMRT,Sequel,SRP348487,PRJNA741708,,741708,SRS11179665,SAMN23486130,simple,1774142,human eye metagenome,D61,,,,,,,no,,,,,CHINA CDC,SRA1336454,,public,726FA9B3CD4FC9278856F422F01344E7,BA8AB969379EB11A2CA2462AE872C08C
SRR17068400,2022-12-12 00:01:09,2021-11-29 19:10:09,10009,14815694,0,1480,6,,https://sra-downloadb.be-md.ncbi.nlm.nih.gov/sos4/sra-pub-run-30/SRR017/17068/SRR17068400/SRR17068400.1,SRX13256931,D67,AMPLICON,PCR,METAGENOMIC,SINGLE,0,0,PACBIO_SMRT,Sequel,SRP348487,PRJNA741708,,741708,SRS11179656,SAMN23486121,simple,1774142,human eye metagenome,D67,,,,,,,no,,,,,CHINA CDC,SRA1336454,,public,3BF75FF2E3E6CCC526FA1D48A6DE738C,BA630404FB898AFAF4DA1B0BF8851A68
SRR17068354,2022-12-12 00:01:09,2021-11-29 19:10:10,12182,18123220,0,1487,7,,https://sra-downloadb.be-md.ncbi.nlm.nih.gov/sos4/sra-pub-run-30/SRR017/17068/SRR17068354/SRR17068354.1,SRX13256977,D74,AMPLICON,PCR,METAGENOMIC,SINGLE,0,0,PACBIO_SMRT,Sequel,SRP348487,PRJNA741708,,741708,SRS11179700,SAMN23486162,simple,1774142,human eye metagenome,D74,,,,,,,no,,,,,CHINA CDC,SRA1336454,,public,EC4E7A64487E4F2C09AE84B5838002A6,2198A5EB5E7464000B529A084FA24C6F
SRR17068362,2022-12-12 00:01:09,2021-11-29 19:09:58,5217,7712624,0,1478,3,,https://sra-downloadb.be-md.ncbi.nlm.nih.gov/sos4/sra-pub-run-30/SRR017/17068/SRR17068362/SRR17068362.1,SRX13256969,D78,AMPLICON,PCR,METAGENOMIC,SINGLE,0,0,PACBIO_SMRT,Sequel,SRP348487,PRJNA741708,,741708,SRS11179695,SAMN23486155,simple,1774142,human eye metagenome,D78,,,,,,,no,,,,,CHINA CDC,SRA1336454,,public,81AA1457B76B57B5655CD335EE63FFFC,78BD5131DEF37F1A9A3A178B0780E648
SRR17068401,2022-12-12 00:01:09,2021-11-29 19:10:19,11945,17710261,0,1482,7,,https://sra-downloadb.be-md.ncbi.nlm.nih.gov/sos4/sra-pub-run-30/SRR017/17068/SRR17068401/SRR17068401.1,SRX13256930,D79,AMPLICON,PCR,METAGENOMIC,SINGLE,0,0,PACBIO_SMRT,Sequel,SRP348487,PRJNA741708,,741708,SRS11179654,SAMN23486120,simple,1774142,human eye metagenome,D79,,,,,,,no,,,,,CHINA CDC,SRA1336454,,public,978C41B8E25127CD493ECDC87E56E615,1376980B6ED1CB4028FEA3C38F18FC82
SRR17068358,2022-12-12 00:01:09,2021-11-29 19:10:16,13987,20903940,0,1494,8,,https://sra-downloadb.be-md.ncbi.nlm.nih.gov/sos4/sra-pub-run-30/SRR017/17068/SRR17068358/SRR17068358.1,SRX13256973,D88,AMPLICON,PCR,METAGENOMIC,SINGLE,0,0,PACBIO_SMRT,Sequel,SRP348487,PRJNA741708,,741708,SRS11179697,SAMN23486158,simple,1774142,human eye metagenome,D88,,,,,,,no,,,,,CHINA CDC,SRA1336454,,public,878BB3B16A0CE387A54A372EB3C1E739,8FE9E205CB75D261C0A5DEFA1262458C
SRR17068411,2022-12-12 00:01:09,2021-11-29 19:10:12,9980,14980560,0,1501,6,,https://sra-downloadb.be-md.ncbi.nlm.nih.gov/sos4/sra-pub-run-30/SRR017/17068/SRR17068411/SRR17068411.1,SRX13256920,D89,AMPLICON,PCR,METAGENOMIC,SINGLE,0,0,PACBIO_SMRT,Sequel,SRP348487,PRJNA741708,,741708,SRS11179644,SAMN23486111,simple,1774142,human eye metagenome,D89,,,,,,,no,,,,,CHINA CDC,SRA1336454,,public,8FD78B1F781ACEF6DC34B43D44E36D13,67870D7BC02D767EEB35525C9CC7E3F5
SRR17068355,2022-12-12 00:01:09,2021-11-29 19:10:05,8646,12981010,0,1501,5,,https://sra-downloadb.be-md.ncbi.nlm.nih.gov/sos4/sra-pub-run-30/SRR017/17068/SRR17068355/SRR17068355.1,SRX13256976,D96,AMPLICON,PCR,METAGENOMIC,SINGLE,0,0,PACBIO_SMRT,Sequel,SRP348487,PRJNA741708,,741708,SRS11179701,SAMN23486161,simple,1774142,human eye metagenome,D96,,,,,,,no,,,,,CHINA CDC,SRA1336454,,public,924782B052A99C9B6ED591B932EE9A4A,DBC547A2C2350112B408E7AF47426E80
SRR17068389,2022-12-12 00:01:09,2021-11-29 19:10:20,17573,26429267,0,1503,11,,https://sra-downloadb.be-md.ncbi.nlm.nih.gov/sos4/sra-pub-run-30/SRR017/17068/SRR17068389/SRR17068389.1,SRX13256942,D97,AMPLICON,PCR,METAGENOMIC,SINGLE,0,0,PACBIO_SMRT,Sequel,SRP348487,PRJNA741708,,741708,SRS11179666,SAMN23486131,simple,1774142,human eye metagenome,D97,,,,,,,no,,,,,CHINA CDC,SRA1336454,,public,FB3E4AA01A5FF29B9B7A9DB5416806FA,4C906F028B6A67C39A839D73E83D825B
SRR17068376,2022-12-12 00:01:09,2021-11-29 19:10:48,41754,62008844,0,1485,34,,https://sra-downloadb.be-md.ncbi.nlm.nih.gov/sos4/sra-pub-run-30/SRR017/17068/SRR17068376/SRR17068376.1,SRX13256955,DKR,AMPLICON,PCR,METAGENOMIC,SINGLE,0,0,PACBIO_SMRT,Sequel,SRP348487,PRJNA741708,,741708,SRS11179679,SAMN23486143,simple,1774142,human eye metagenome,DKR,,,,,,,no,,,,,CHINA CDC,SRA1336454,,public,8FC49BE54303002757EDD91852DB419E,8ED8357F64C0D4EBDA7693988150B617
SRR17068356,2022-12-12 00:01:09,2021-11-29 19:10:06,12491,18765411,0,1502,13,,https://sra-downloadb.be-md.ncbi.nlm.nih.gov/sos4/sra-pub-run-30/SRR017/17068/SRR17068356/SRR17068356.1,SRX13256975,PD11,AMPLICON,PCR,METAGENOMIC,SINGLE,0,0,PACBIO_SMRT,Sequel,SRP348487,PRJNA741708,,741708,SRS11179699,SAMN23486160,simple,1774142,human eye metagenome,PD11,,,,,,,no,,,,,CHINA CDC,SRA1336454,,public,7FA08EB0E09990EF53959275FF3F6B74,A2A1E618FCB92D1EB53B161C18B9DD31
SRR17068407,2022-12-12 00:01:09,2021-11-29 19:10:14,7958,12308997,0,1546,8,,https://sra-downloadb.be-md.ncbi.nlm.nih.gov/sos4/sra-pub-run-30/SRR017/17068/SRR17068407/SRR17068407.1,SRX13256924,PD3,AMPLICON,PCR,METAGENOMIC,SINGLE,0,0,PACBIO_SMRT,Sequel,SRP348487,PRJNA741708,,741708,SRS11179647,SAMN23486115,simple,1774142,human eye metagenome,PD3,,,,,,,no,,,,,CHINA CDC,SRA1336454,,public,75BA55EBE06861A5911B0D5DAF192F8C,CFECD4AA2DFB5CC6B3EA259218E986BA
SRR17068404,2022-12-12 00:01:09,2021-11-29 19:10:15,7537,12074263,0,1601,8,,https://sra-downloadb.be-md.ncbi.nlm.nih.gov/sos4/sra-pub-run-30/SRR017/17068/SRR17068404/SRR17068404.1,SRX13256927,PS3,AMPLICON,PCR,METAGENOMIC,SINGLE,0,0,PACBIO_SMRT,Sequel,SRP348487,PRJNA741708,,741708,SRS11179651,SAMN23486117,simple,1774142,human eye metagenome,PS3,,,,,,,no,,,,,CHINA CDC,SRA1336454,,public,BF3272DC0B675FA25B3224D2BF9A1375,4A264903F86FA9D3DCD14C5185EBA3B6
SRR17068369,2022-12-12 00:01:09,2021-11-29 19:10:09,9504,14374015,0,1512,10,,https://sra-downloadb.be-md.ncbi.nlm.nih.gov/sos4/sra-pub-run-30/SRR017/17068/SRR17068369/SRR17068369.1,SRX13256962,PS8,AMPLICON,PCR,METAGENOMIC,SINGLE,0,0,PACBIO_SMRT,Sequel,SRP348487,PRJNA741708,,741708,SRS11179686,SAMN23486148,simple,1774142,human eye metagenome,PS8,,,,,,,no,,,,,CHINA CDC,SRA1336454,,public,D57D2FB46B7D9FD10D8D9A1062C7DEA1,3145C1782C733D8FE2C71CA293C7CCBA
SRR17068377,2022-12-12 00:01:09,2021-11-29 19:10:14,11417,16865848,0,1477,6,,https://sra-downloadb.be-md.ncbi.nlm.nih.gov/sos4/sra-pub-run-30/SRR017/17068/SRR17068377/SRR17068377.1,SRX13256954,Q2,AMPLICON,PCR,METAGENOMIC,SINGLE,0,0,PACBIO_SMRT,Sequel,SRP348487,PRJNA741708,,741708,SRS11179678,SAMN23486142,simple,1774142,human eye metagenome,Q2,,,,,,,no,,,,,CHINA CDC,SRA1336454,,public,C24BA8E4F7BD265DA1AD09EB4C8B35FD,5CA89CD348924ADC49D29F57E4C115CE
SRR17068373,2022-12-12 00:01:09,2021-11-29 19:10:43,47683,70404034,0,1476,30,,https://sra-downloadb.be-md.ncbi.nlm.nih.gov/sos4/sra-pub-run-30/SRR017/17068/SRR17068373/SRR17068373.1,SRX13256958,S103,AMPLICON,PCR,METAGENOMIC,SINGLE,0,0,PACBIO_SMRT,Sequel,SRP348487,PRJNA741708,,741708,SRS11179681,SAMN23486047,simple,1774142,human eye metagenome,S103,,,,,,,no,,,,,CHINA CDC,SRA1336454,,public,A6FC9A7F652F3D568093CDDE76943F49,41D0733F9F0BD7249DF12807019764B1
SRR17068382,2022-12-12 00:01:09,2021-11-29 19:09:57,3617,5441573,0,1504,2,,https://sra-downloadb.be-md.ncbi.nlm.nih.gov/sos4/sra-pub-run-30/SRR017/17068/SRR17068382/SRR17068382.1,SRX13256949,S104,AMPLICON,PCR,METAGENOMIC,SINGLE,0,0,PACBIO_SMRT,Sequel,SRP348487,PRJNA741708,,741708,SRS11179674,SAMN23486137,simple,1774142,human eye metagenome,S104,,,,,,,no,,,,,CHINA CDC,SRA1336454,,public,CDF9B5BC99EA14C5DEF007141C8C35B8,49525FF3F7CC9F23E98CC549B80ADF7D
SRR17068395,2022-12-12 00:01:09,2021-11-29 19:10:15,14178,21263793,0,1499,9,,https://sra-downloadb.be-md.ncbi.nlm.nih.gov/sos4/sra-pub-run-30/SRR017/17068/SRR17068395/SRR17068395.1,SRX13256936,S114,AMPLICON,PCR,METAGENOMIC,SINGLE,0,0,PACBIO_SMRT,Sequel,SRP348487,PRJNA741708,,741708,SRS11179661,SAMN23486054,simple,1774142,human eye metagenome,S114,,,,,,,no,,,,,CHINA CDC,SRA1336454,,public,0BFC1D16C6D2FEE11EDA2041C50F7276,FCAF706A70497357AF9B15195EE9D0E1
SRR17068374,2022-12-12 00:01:09,2021-11-29 19:10:18,14573,21878377,0,1501,8,,https://sra-downloadb.be-md.ncbi.nlm.nih.gov/sos4/sra-pub-run-30/SRR017/17068/SRR17068374/SRR17068374.1,SRX13256957,S117,AMPLICON,PCR,METAGENOMIC,SINGLE,0,0,PACBIO_SMRT,Sequel,SRP348487,PRJNA741708,,741708,SRS11179682,SAMN23486046,simple,1774142,human eye metagenome,S117,,,,,,,no,,,,,CHINA CDC,SRA1336454,,public,8B510A8912434740C7FC80A993234093,96FF1430866D312CF571DBBE0507EB99
SRR17068370,2022-12-12 00:01:09,2021-11-29 19:09:58,7048,10567814,0,1499,4,,https://sra-downloadb.be-md.ncbi.nlm.nih.gov/sos4/sra-pub-run-30/SRR017/17068/SRR17068370/SRR17068370.1,SRX13256961,S122,AMPLICON,PCR,METAGENOMIC,SINGLE,0,0,PACBIO_SMRT,Sequel,SRP348487,PRJNA741708,,741708,SRS11179685,SAMN23486147,simple,1774142,human eye metagenome,S122,,,,,,,no,,,,,CHINA CDC,SRA1336454,,public,B3C2F44BF4C0BA0E5D74309E88985546,6C4050D064A3762699C6019B1BF3230E
SRR17068410,2022-12-12 00:01:09,2021-11-29 19:10:06,4811,7153530,0,1486,2,,https://sra-downloadb.be-md.ncbi.nlm.nih.gov/sos4/sra-pub-run-30/SRR017/17068/SRR17068410/SRR17068410.1,SRX13256921,S123,AMPLICON,PCR,METAGENOMIC,SINGLE,0,0,PACBIO_SMRT,Sequel,SRP348487,PRJNA741708,,741708,SRS11179646,SAMN23486112,simple,1774142,human eye metagenome,S123,,,,,,,no,,,,,CHINA CDC,SRA1336454,,public,2D9C63B5E1BFA609CAEE7A79B533B01D,3DAFB84CBD6029AAEA984D23AF6DBE17
SRR17068359,2022-12-12 00:01:09,2021-11-29 19:10:07,7706,11499021,0,1492,4,,https://sra-downloadb.be-md.ncbi.nlm.nih.gov/sos4/sra-pub-run-30/SRR017/17068/SRR17068359/SRR17068359.1,SRX13256972,S134,AMPLICON,PCR,METAGENOMIC,SINGLE,0,0,PACBIO_SMRT,Sequel,SRP348487,PRJNA741708,,741708,SRS11179696,SAMN23486157,simple,1774142,human eye metagenome,S134,,,,,,,no,,,,,CHINA CDC,SRA1336454,,public,DFD153B2BCD5E857F661CAB48714A4C7,BDA11108401A1271A3FBAE424F2243EB
SRR17068391,2022-12-12 00:01:09,2021-11-29 19:10:14,14015,20940738,0,1494,8,,https://sra-downloadb.be-md.ncbi.nlm.nih.gov/sos4/sra-pub-run-30/SRR017/17068/SRR17068391/SRR17068391.1,SRX13256940,S140,AMPLICON,PCR,METAGENOMIC,SINGLE,0,0,PACBIO_SMRT,Sequel,SRP348487,PRJNA741708,,741708,SRS11179664,SAMN23486129,simple,1774142,human eye metagenome,S140,,,,,,,no,,,,,CHINA CDC,SRA1336454,,public,26F765B6B8F5BDF7CF62EE3627DC8665,D503B3FC6DAED2EF1FDA062897F8F979
SRR17068387,2022-12-12 00:01:09,2021-11-29 19:10:03,3663,5506595,0,1503,2,,https://sra-downloadb.be-md.ncbi.nlm.nih.gov/sos4/sra-pub-run-30/SRR017/17068/SRR17068387/SRR17068387.1,SRX13256944,S18,AMPLICON,PCR,METAGENOMIC,SINGLE,0,0,PACBIO_SMRT,Sequel,SRP348487,PRJNA741708,,741708,SRS11179667,SAMN23486133,simple,1774142,human eye metagenome,S18,,,,,,,no,,,,,CHINA CDC,SRA1336454,,public,FFF87E8A6015152430D908AFBFC319EC,99215A6418A36E9D11FE9CAF1DEF9C19
SRR17068394,2022-12-12 00:01:09,2021-11-29 19:10:25,12667,18880777,0,1490,7,,https://sra-downloadb.be-md.ncbi.nlm.nih.gov/sos4/sra-pub-run-30/SRR017/17068/SRR17068394/SRR17068394.1,SRX13256937,S39,AMPLICON,PCR,METAGENOMIC,SINGLE,0,0,PACBIO_SMRT,Sequel,SRP348487,PRJNA741708,,741708,SRS11179660,SAMN23486126,simple,1774142,human eye metagenome,S39,,,,,,,no,,,,,CHINA CDC,SRA1336454,,public,44835B4E9A76CBD401CE460678C10572,F0C7E6AE25E11BC02395E5A9DD493B7D
SRR17068403,2022-12-12 00:01:09,2021-11-29 19:10:13,7302,10793270,0,1478,4,,https://sra-downloadb.be-md.ncbi.nlm.nih.gov/sos4/sra-pub-run-30/SRR017/17068/SRR17068403/SRR17068403.1,SRX13256928,S46,AMPLICON,PCR,METAGENOMIC,SINGLE,0,0,PACBIO_SMRT,Sequel,SRP348487,PRJNA741708,,741708,SRS11179652,SAMN23486118,simple,1774142,human eye metagenome,S46,,,,,,,no,,,,,CHINA CDC,SRA1336454,,public,DF86BEFDA1844913500329CCA0695D9B,59802BB28FF2FAE48C1B1DA053954858
SRR17068392,2022-12-12 00:01:09,2021-11-29 19:10:03,5136,7640037,0,1487,3,,https://sra-downloadb.be-md.ncbi.nlm.nih.gov/sos4/sra-pub-run-30/SRR017/17068/SRR17068392/SRR17068392.1,SRX13256939,S48,AMPLICON,PCR,METAGENOMIC,SINGLE,0,0,PACBIO_SMRT,Sequel,SRP348487,PRJNA741708,,741708,SRS11179662,SAMN23486128,simple,1774142,human eye metagenome,S48,,,,,,,no,,,,,CHINA CDC,SRA1336454,,public,108D18D74FD72D4A8DA4401ECF9B37E9,02CB8EFFEEC6DC890F77D1A5188B4C30
SRR17068413,2022-12-12 00:01:09,2021-11-29 19:10:23,13830,20621237,0,1491,9,,https://sra-downloadb.be-md.ncbi.nlm.nih.gov/sos4/sra-pub-run-30/SRR017/17068/SRR17068413/SRR17068413.1,SRX13256918,S49,AMPLICON,PCR,METAGENOMIC,SINGLE,0,0,PACBIO_SMRT,Sequel,SRP348487,PRJNA741708,,741708,SRS11179643,SAMN23486109,simple,1774142,human eye metagenome,S49,,,,,,,no,,,,,CHINA CDC,SRA1336454,,public,223936154810BF9977EC9F48D7505114,711964D7A95577A8D6D79A3705C7CF74
SRR17068393,2022-12-12 00:01:09,2021-11-29 19:09:59,4684,7017936,0,1498,3,,https://sra-downloadb.be-md.ncbi.nlm.nih.gov/sos4/sra-pub-run-30/SRR017/17068/SRR17068393/SRR17068393.1,SRX13256938,S56,AMPLICON,PCR,METAGENOMIC,SINGLE,0,0,PACBIO_SMRT,Sequel,SRP348487,PRJNA741708,,741708,SRS11179663,SAMN23486127,simple,1774142,human eye metagenome,S56,,,,,,,no,,,,,CHINA CDC,SRA1336454,,public,389F47F0DBF35C9DE4F24108DBA32852,9FD154A990A9E0624F8BD5515CEC696B
SRR17068405,2022-12-12 00:01:09,2021-11-29 19:10:18,14889,22048896,0,1480,9,,https://sra-downloadb.be-md.ncbi.nlm.nih.gov/sos4/sra-pub-run-30/SRR017/17068/SRR17068405/SRR17068405.1,SRX13256926,S57,AMPLICON,PCR,METAGENOMIC,SINGLE,0,0,PACBIO_SMRT,Sequel,SRP348487,PRJNA741708,,741708,SRS11179650,SAMN23486116,simple,1774142,human eye metagenome,S57,,,,,,,no,,,,,CHINA CDC,SRA1336454,,public,EB712F37CCDE7D0CFB24215C25CFB858,6FBCC72F7F18FED92FEE63C659AD2E4B
SRR17068383,2022-12-12 00:01:09,2021-11-29 19:09:52,836,1235532,0,1477,0,,https://sra-downloadb.be-md.ncbi.nlm.nih.gov/sos4/sra-pub-run-30/SRR017/17068/SRR17068383/SRR17068383.1,SRX13256948,S61,AMPLICON,PCR,METAGENOMIC,SINGLE,0,0,PACBIO_SMRT,Sequel,SRP348487,PRJNA741708,,741708,SRS11179672,SAMN23486136,simple,1774142,human eye metagenome,S61,,,,,,,no,,,,,CHINA CDC,SRA1336454,,public,6002839F96F26A3D3C56C54E5E0C0F81,88DA5C158A62466C77F574ED0F2CDA9F
SRR17068368,2022-12-12 00:01:09,2021-11-29 19:09:54,3229,4779497,0,1480,2,,https://sra-downloadb.be-md.ncbi.nlm.nih.gov/sos4/sra-pub-run-30/SRR017/17068/SRR17068368/SRR17068368.1,SRX13256963,S69,AMPLICON,PCR,METAGENOMIC,SINGLE,0,0,PACBIO_SMRT,Sequel,SRP348487,PRJNA741708,,741708,SRS11179687,SAMN23486149,simple,1774142,human eye metagenome,S69,,,,,,,no,,,,,CHINA CDC,SRA1336454,,public,5577E932A38087347A4781B979A52E32,4D1F560893AA541B584A844F182EFF3D
SRR17068399,2022-12-12 00:01:09,2021-11-29 19:10:07,5266,7826930,0,1486,3,,https://sra-downloadb.be-md.ncbi.nlm.nih.gov/sos4/sra-pub-run-30/SRR017/17068/SRR17068399/SRR17068399.1,SRX13256932,S81,AMPLICON,PCR,METAGENOMIC,SINGLE,0,0,PACBIO_SMRT,Sequel,SRP348487,PRJNA741708,,741708,SRS11179655,SAMN23486122,simple,1774142,human eye metagenome,S81,,,,,,,no,,,,,CHINA CDC,SRA1336454,,public,42F8B7E9AAD4D9CC36C451C70D34A238,BF135446596F79D4814A5D17715C24A5
SRR17068375,2022-12-12 00:01:09,2021-11-29 19:10:03,7082,10632202,0,1501,4,,https://sra-downloadb.be-md.ncbi.nlm.nih.gov/sos4/sra-pub-run-30/SRR017/17068/SRR17068375/SRR17068375.1,SRX13256956,S89,AMPLICON,PCR,METAGENOMIC,SINGLE,0,0,PACBIO_SMRT,Sequel,SRP348487,PRJNA741708,,741708,SRS11179680,SAMN23486144,simple,1774142,human eye metagenome,S89,,,,,,,no,,,,,CHINA CDC,SRA1336454,,public,3D8198853698C9443F3AF97E9346EA16,40C3190876CE63E78A32842BB0E834BB
SRR17068409,2022-12-12 00:01:09,2021-11-29 19:10:20,15996,23750968,0,1484,9,,https://sra-downloadb.be-md.ncbi.nlm.nih.gov/sos4/sra-pub-run-30/SRR017/17068/SRR17068409/SRR17068409.1,SRX13256922,S99,AMPLICON,PCR,METAGENOMIC,SINGLE,0,0,PACBIO_SMRT,Sequel,SRP348487,PRJNA741708,,741708,SRS11179645,SAMN23486113,simple,1774142,human eye metagenome,S99,,,,,,,no,,,,,CHINA CDC,SRA1336454,,public,3AFB43A8D64B2AA627D5B74AC681F710,44FF9DFE92595D4AC9C39E7AF6E4B1D0
SRR17068414,2022-12-12 00:01:09,2021-11-29 19:10:16,8695,13247907,0,1523,9,,https://sra-downloadb.be-md.ncbi.nlm.nih.gov/sos4/sra-pub-run-30/SRR017/17068/SRR17068414/SRR17068414.1,SRX13256917,PD8,AMPLICON,PCR,METAGENOMIC,SINGLE,0,0,PACBIO_SMRT,Sequel,SRP348487,PRJNA741708,,741708,SRS11179641,SAMN23486108,simple,1774142,human eye metagenome,PD8,,,,,,,no,,,,,CHINA CDC,SRA1336454,,public,5873079D40BE90D3FB001681BA672BD9,AFEA91A4A5110DC6D60D372205606A86
SRR17068415,2022-12-12 00:01:09,2021-11-29 19:09:59,1898,2804547,0,1477,1,,https://sra-downloadb.be-md.ncbi.nlm.nih.gov/sos4/sra-pub-run-30/SRR017/17068/SRR17068415/SRR17068415.1,SRX13256916,D58,AMPLICON,PCR,METAGENOMIC,SINGLE,0,0,PACBIO_SMRT,Sequel,SRP348487,PRJNA741708,,741708,SRS11179640,SAMN23486071,simple,1774142,human eye metagenome,D58,,,,,,,no,,,,,CHINA CDC,SRA1336454,,public,DB624D36482DD2CEA9E27CC83E40E828,7754D66F2CBAF44940A7A49B1929059C
SRR17068416,2022-12-12 00:01:09,2021-11-29 19:10:23,12740,19052968,0,1495,8,,https://sra-downloadb.be-md.ncbi.nlm.nih.gov/sos4/sra-pub-run-30/SRR017/17068/SRR17068416/SRR17068416.1,SRX13256915,D26,AMPLICON,PCR,METAGENOMIC,SINGLE,0,0,PACBIO_SMRT,Sequel,SRP348487,PRJNA741708,,741708,SRS11179639,SAMN23486070,simple,1774142,human eye metagenome,D26,,,,,,,no,,,,,CHINA CDC,SRA1336454,,public,72229679396877D671D21A52D9C080E7,7CF80967BF59834223AF3D27FD9B64A1
SRR17068417,2022-12-12 00:01:09,2021-11-29 19:10:03,4210,6255064,0,1485,2,,https://sra-downloadb.be-md.ncbi.nlm.nih.gov/sos4/sra-pub-run-30/SRR017/17068/SRR17068417/SRR17068417.1,SRX13256914,D55,AMPLICON,PCR,METAGENOMIC,SINGLE,0,0,PACBIO_SMRT,Sequel,SRP348487,PRJNA741708,,741708,SRS11179637,SAMN23486069,simple,1774142,human eye metagenome,D55,,,,,,,no,,,,,CHINA CDC,SRA1336454,,public,2DDA7795389438FCC2979F1AA046AADA,C363C1029C730A08FAFE531BF5077141
SRR17068418,2022-12-12 00:01:09,2021-11-29 19:10:36,19456,29126663,0,1497,11,,https://sra-downloadb.be-md.ncbi.nlm.nih.gov/sos4/sra-pub-run-30/SRR017/17068/SRR17068418/SRR17068418.1,SRX13256913,S135,AMPLICON,PCR,METAGENOMIC,SINGLE,0,0,PACBIO_SMRT,Sequel,SRP348487,PRJNA741708,,741708,SRS11179638,SAMN23486068,simple,1774142,human eye metagenome,S135,,,,,,,no,,,,,CHINA CDC,SRA1336454,,public,5B0BE787D2875CD89E6B49DA74D6FB5D,C53A6EECB5616B60DC6092DE53740972
SRR17068419,2022-12-12 00:01:09,2021-11-29 19:10:01,2281,3374917,0,1479,1,,https://sra-downloadb.be-md.ncbi.nlm.nih.gov/sos4/sra-pub-run-30/SRR017/17068/SRR17068419/SRR17068419.1,SRX13256912,D69,AMPLICON,PCR,METAGENOMIC,SINGLE,0,0,PACBIO_SMRT,Sequel,SRP348487,PRJNA741708,,741708,SRS11179636,SAMN23486067,simple,1774142,human eye metagenome,D69,,,,,,,no,,,,,CHINA CDC,SRA1336454,,public,FF04C560750B2E7F77858BC938B114D0,866B68A7CB8A27F297321040799C32DA
SRR17068420,2022-12-12 00:01:09,2021-11-29 19:10:14,6457,10102130,0,1564,7,,https://sra-downloadb.be-md.ncbi.nlm.nih.gov/sos4/sra-pub-run-30/SRR017/17068/SRR17068420/SRR17068420.1,SRX13256911,PS2,AMPLICON,PCR,METAGENOMIC,SINGLE,0,0,PACBIO_SMRT,Sequel,SRP348487,PRJNA741708,,741708,SRS11179635,SAMN23486246,simple,1774142,human eye metagenome,PS2,,,,,,,no,,,,,CHINA CDC,SRA1336454,,public,A453E83C9E077A988E484F1E58D1CB9A,99C8F4418EEC9E897C2CDF0A21B404D2
SRR17068421,2022-12-12 00:01:09,2021-11-29 19:10:05,6154,9196316,0,1494,3,,https://sra-downloadb.be-md.ncbi.nlm.nih.gov/sos4/sra-pub-run-30/SRR017/17068/SRR17068421/SRR17068421.1,SRX13256910,S101,AMPLICON,PCR,METAGENOMIC,SINGLE,0,0,PACBIO_SMRT,Sequel,SRP348487,PRJNA741708,,741708,SRS11179633,SAMN23486066,simple,1774142,human eye metagenome,S101,,,,,,,no,,,,,CHINA CDC,SRA1336454,,public,03E4413BE46814AF76CFEE042D620D66,2E766DDA8D47F29DC5C080E0933E692A
SRR17068422,2022-12-12 00:01:09,2021-11-29 19:10:03,2676,4008824,0,1498,1,,https://sra-downloadb.be-md.ncbi.nlm.nih.gov/sos4/sra-pub-run-30/SRR017/17068/SRR17068422/SRR17068422.1,SRX13256909,D75,AMPLICON,PCR,METAGENOMIC,SINGLE,0,0,PACBIO_SMRT,Sequel,SRP348487,PRJNA741708,,741708,SRS11179634,SAMN23486048,simple,1774142,human eye metagenome,D75,,,,,,,no,,,,,CHINA CDC,SRA1336454,,public,52CA1B2C482A6B37776D1CEB8BCD01E1,70663F8DEDD5C718853CD2D445E3DB37
SRR17068423,2022-12-12 00:01:08,2021-11-29 19:10:18,7202,10750997,0,1492,4,,https://sra-downloadb.be-md.ncbi.nlm.nih.gov/sos4/sra-pub-run-30/SRR017/17068/SRR17068423/SRR17068423.1,SRX13256908,S35,AMPLICON,PCR,METAGENOMIC,SINGLE,0,0,PACBIO_SMRT,Sequel,SRP348487,PRJNA741708,,741708,SRS11179631,SAMN23486245,simple,1774142,human eye metagenome,S35,,,,,,,no,,,,,CHINA CDC,SRA1336454,,public,A20C5AF29DE780B8673FAC6EDC256BBE,3CC96F7738511C8132ACAED8D460B2AE
SRR17068424,2022-12-12 00:01:08,2021-11-29 19:10:22,8457,12776829,0,1510,5,,https://sra-downloadb.be-md.ncbi.nlm.nih.gov/sos4/sra-pub-run-30/SRR017/17068/SRR17068424/SRR17068424.1,SRX13256907,S38,AMPLICON,PCR,METAGENOMIC,SINGLE,0,0,PACBIO_SMRT,Sequel,SRP348487,PRJNA741708,,741708,SRS11179632,SAMN23486244,simple,1774142,human eye metagenome,S38,,,,,,,no,,,,,CHINA CDC,SRA1336454,,public,8F484FD85C1ECD47A4791FBA9E08B2E7,C0147124C44FCEFE7507E09DAD209454
SRR17068425,2022-12-12 00:01:08,2021-11-29 19:10:13,8228,12296945,0,1494,5,,https://sra-downloadb.be-md.ncbi.nlm.nih.gov/sos4/sra-pub-run-30/SRR017/17068/SRR17068425/SRR17068425.1,SRX13256906,D72,AMPLICON,PCR,METAGENOMIC,SINGLE,0,0,PACBIO_SMRT,Sequel,SRP348487,PRJNA741708,,741708,SRS11179630,SAMN23486243,simple,1774142,human eye metagenome,D72,,,,,,,no,,,,,CHINA CDC,SRA1336454,,public,9C0902137B9BDAEBA3A446592BF681AA,9552DCB99E7CABB3AE533AAD60D505FA
SRR17068426,2022-12-12 00:01:08,2021-11-29 19:10:28,12465,20146883,0,1616,14,,https://sra-downloadb.be-md.ncbi.nlm.nih.gov/sos4/sra-pub-run-30/SRR017/17068/SRR17068426/SRR17068426.1,SRX13256905,PD6,AMPLICON,PCR,METAGENOMIC,SINGLE,0,0,PACBIO_SMRT,Sequel,SRP348487,PRJNA741708,,741708,SRS11179629,SAMN23486242,simple,1774142,human eye metagenome,PD6,,,,,,,no,,,,,CHINA CDC,SRA1336454,,public,5E811E3A7D81514F7C4E720876942C6D,38EA4B9A7B0AC18A3DC3CB3B29A4DB50
SRR17068427,2022-12-12 00:01:08,2021-11-29 19:10:21,10093,14937337,0,1479,6,,https://sra-downloadb.be-md.ncbi.nlm.nih.gov/sos4/sra-pub-run-30/SRR017/17068/SRR17068427/SRR17068427.1,SRX13256904,S133,AMPLICON,PCR,METAGENOMIC,SINGLE,0,0,PACBIO_SMRT,Sequel,SRP348487,PRJNA741708,,741708,SRS11179627,SAMN23486241,simple,1774142,human eye metagenome,S133,,,,,,,no,,,,,CHINA CDC,SRA1336454,,public,4C062EC9AAF8365F2F4FA18A8344EA44,C6256046400F2B813CB6F0F8011C6B41
SRR17068428,2022-12-12 00:01:08,2021-11-29 19:10:15,5237,7724112,0,1474,3,,https://sra-downloadb.be-md.ncbi.nlm.nih.gov/sos4/sra-pub-run-30/SRR017/17068/SRR17068428/SRR17068428.1,SRX13256903,Q1,AMPLICON,PCR,METAGENOMIC,SINGLE,0,0,PACBIO_SMRT,Sequel,SRP348487,PRJNA741708,,741708,SRS11179628,SAMN23486240,simple,1774142,human eye metagenome,Q1,,,,,,,no,,,,,CHINA CDC,SRA1336454,,public,42BCEDE414701EB15C577386ED1D6A2F,3FDF941A1885612E0D2EFD266FEB158B
SRR17068429,2022-12-12 00:01:08,2021-11-29 19:10:36,12638,19004342,0,1503,13,,https://sra-downloadb.be-md.ncbi.nlm.nih.gov/sos4/sra-pub-run-30/SRR017/17068/SRR17068429/SRR17068429.1,SRX13256902,PS10,AMPLICON,PCR,METAGENOMIC,SINGLE,0,0,PACBIO_SMRT,Sequel,SRP348487,PRJNA741708,,741708,SRS11179625,SAMN23486239,simple,1774142,human eye metagenome,PS10,,,,,,,no,,,,,CHINA CDC,SRA1336454,,public,F5C2D1A1E8E64074597D11152AF449C3,445CB992A1791E7D20DD4235137C5D75
SRR17068430,2022-12-12 00:01:08,2021-11-29 19:10:27,6269,9316106,0,1486,4,,https://sra-downloadb.be-md.ncbi.nlm.nih.gov/sos4/sra-pub-run-30/SRR017/17068/SRR17068430/SRR17068430.1,SRX13256901,D37,AMPLICON,PCR,METAGENOMIC,SINGLE,0,0,PACBIO_SMRT,Sequel,SRP348487,PRJNA741708,,741708,SRS11179626,SAMN23486238,simple,1774142,human eye metagenome,D37,,,,,,,no,,,,,CHINA CDC,SRA1336454,,public,3CE7AF09EF21E594538C8CB2518E759F,65C37F6E27397E37227FBF267206943E
SRR17068431,2022-12-12 00:01:08,2021-11-29 19:10:32,9023,13328272,0,1477,5,,https://sra-downloadb.be-md.ncbi.nlm.nih.gov/sos4/sra-pub-run-30/SRR017/17068/SRR17068431/SRR17068431.1,SRX13256900,O2,AMPLICON,PCR,METAGENOMIC,SINGLE,0,0,PACBIO_SMRT,Sequel,SRP348487,PRJNA741708,,741708,SRS11179624,SAMN23486237,simple,1774142,human eye metagenome,O2,,,,,,,no,,,,,CHINA CDC,SRA1336454,,public,B85260FD8C112D4B4F25ACF99333B371,56AB7DE1BC3291A0A8B42F2739AA0F0B
SRR17068432,2022-12-12 00:01:08,2021-11-29 19:10:24,7753,11503871,0,1483,4,,https://sra-downloadb.be-md.ncbi.nlm.nih.gov/sos4/sra-pub-run-30/SRR017/17068/SRR17068432/SRR17068432.1,SRX13256899,S87,AMPLICON,PCR,METAGENOMIC,SINGLE,0,0,PACBIO_SMRT,Sequel,SRP348487,PRJNA741708,,741708,SRS11179623,SAMN23486236,simple,1774142,human eye metagenome,S87,,,,,,,no,,,,,CHINA CDC,SRA1336454,,public,E65E038FF0958957B5F3211C3CEA529A,55CDF5F502E32FAD1AD8C0801E3D609F
SRR17068433,2022-12-12 00:01:08,2021-11-29 19:10:37,13548,20121132,0,1485,8,,https://sra-downloadb.be-md.ncbi.nlm.nih.gov/sos4/sra-pub-run-30/SRR017/17068/SRR17068433/SRR17068433.1,SRX13256898,D60,AMPLICON,PCR,METAGENOMIC,SINGLE,0,0,PACBIO_SMRT,Sequel,SRP348487,PRJNA741708,,741708,SRS11179621,SAMN23486065,simple,1774142,human eye metagenome,D60,,,,,,,no,,,,,CHINA CDC,SRA1336454,,public,49BE62DBFAFADCD6898C13A0BE7E176C,4A497D39DCFA4A89ABCD25F22792B730
SRR17068434,2022-12-12 00:01:08,2021-11-29 19:10:22,7214,10824144,0,1500,4,,https://sra-downloadb.be-md.ncbi.nlm.nih.gov/sos4/sra-pub-run-30/SRR017/17068/SRR17068434/SRR17068434.1,SRX13256897,D140,AMPLICON,PCR,METAGENOMIC,SINGLE,0,0,PACBIO_SMRT,Sequel,SRP348487,PRJNA741708,,741708,SRS11179622,SAMN23486235,simple,1774142,human eye metagenome,D140,,,,,,,no,,,,,CHINA CDC,SRA1336454,,public,B07E0A72018E56E708FC3B5B053A854C,E590DE5D397B7D0C1BF4710F0AE9DDF5
SRR17068435,2022-12-12 00:01:08,2021-11-29 19:10:40,14410,21360623,0,1482,9,,https://sra-downloadb.be-md.ncbi.nlm.nih.gov/sos4/sra-pub-run-30/SRR017/17068/SRR17068435/SRR17068435.1,SRX13256896,S54,AMPLICON,PCR,METAGENOMIC,SINGLE,0,0,PACBIO_SMRT,Sequel,SRP348487,PRJNA741708,,741708,SRS11179619,SAMN23486234,simple,1774142,human eye metagenome,S54,,,,,,,no,,,,,CHINA CDC,SRA1336454,,public,B811AC765C33266F9AD889AAF50C6C5C,CEC4528173DE7798714CE94ED8CEA155
SRR17068436,2022-12-12 00:01:08,2021-11-29 19:10:39,15045,22317050,0,1483,9,,https://sra-downloadb.be-md.ncbi.nlm.nih.gov/sos4/sra-pub-run-30/SRR017/17068/SRR17068436/SRR17068436.1,SRX13256895,S55,AMPLICON,PCR,METAGENOMIC,SINGLE,0,0,PACBIO_SMRT,Sequel,SRP348487,PRJNA741708,,741708,SRS11179620,SAMN23486233,simple,1774142,human eye metagenome,S55,,,,,,,no,,,,,CHINA CDC,SRA1336454,,public,668C858AFF2F095E337FD62ADE91CF1A,884350F8890DF597C9D01CEAE9AE9775
SRR17068437,2022-12-12 00:01:08,2021-11-29 19:10:30,9766,14462885,0,1480,5,,https://sra-downloadb.be-md.ncbi.nlm.nih.gov/sos4/sra-pub-run-30/SRR017/17068/SRR17068437/SRR17068437.1,SRX13256894,D80,AMPLICON,PCR,METAGENOMIC,SINGLE,0,0,PACBIO_SMRT,Sequel,SRP348487,PRJNA741708,,741708,SRS11179618,SAMN23486232,simple,1774142,human eye metagenome,D80,,,,,,,no,,,,,CHINA CDC,SRA1336454,,public,FAFE60C10881047845C257E954FB14DE,321146770EE645A3257639FE8D0F656A
SRR17068438,2022-12-12 00:01:08,2021-11-29 19:10:15,2620,3903652,0,1489,1,,https://sra-downloadb.be-md.ncbi.nlm.nih.gov/sos4/sra-pub-run-30/SRR017/17068/SRR17068438/SRR17068438.1,SRX13256893,D29,AMPLICON,PCR,METAGENOMIC,SINGLE,0,0,PACBIO_SMRT,Sequel,SRP348487,PRJNA741708,,741708,SRS11179617,SAMN23486231,simple,1774142,human eye metagenome,D29,,,,,,,no,,,,,CHINA CDC,SRA1336454,,public,F5CCB9AA2089FE670FAC755E3259FBFC,B1BD13F3121A109C639BE3318EB930D6
SRR17068439,2022-12-12 00:01:08,2021-11-29 19:10:33,12349,18412434,0,1491,8,,https://sra-downloadb.be-md.ncbi.nlm.nih.gov/sos4/sra-pub-run-30/SRR017/17068/SRR17068439/SRR17068439.1,SRX13256892,S45,AMPLICON,PCR,METAGENOMIC,SINGLE,0,0,PACBIO_SMRT,Sequel,SRP348487,PRJNA741708,,741708,SRS11179615,SAMN23486230,simple,1774142,human eye metagenome,S45,,,,,,,no,,,,,CHINA CDC,SRA1336454,,public,52DB21A17CEBAB84A1ECBC50B23A9DA3,C8C3DD5F54A3625FDA95EDC3AD0E212B
SRR17068440,2022-12-12 00:01:08,2021-11-29 19:10:32,9738,14380539,0,1476,6,,https://sra-downloadb.be-md.ncbi.nlm.nih.gov/sos4/sra-pub-run-30/SRR017/17068/SRR17068440/SRR17068440.1,SRX13256891,D66,AMPLICON,PCR,METAGENOMIC,SINGLE,0,0,PACBIO_SMRT,Sequel,SRP348487,PRJNA741708,,741708,SRS11179616,SAMN23486229,simple,1774142,human eye metagenome,D66,,,,,,,no,,,,,CHINA CDC,SRA1336454,,public,AF6CF96C670D5EADDACECC80D5598618,BA31780A152C6974BA6CAE58C0B566A1
SRR17068441,2022-12-12 00:01:08,2021-11-29 19:10:13,2516,3759754,0,1494,1,,https://sra-downloadb.be-md.ncbi.nlm.nih.gov/sos4/sra-pub-run-30/SRR017/17068/SRR17068441/SRR17068441.1,SRX13256890,D27,AMPLICON,PCR,METAGENOMIC,SINGLE,0,0,PACBIO_SMRT,Sequel,SRP348487,PRJNA741708,,741708,SRS11179613,SAMN23486228,simple,1774142,human eye metagenome,D27,,,,,,,no,,,,,CHINA CDC,SRA1336454,,public,ACE655415E52BAB2DEA50260C5A284BC,49C8CBAD186DBB8248D7EA8A4057D2A3
SRR17068442,2022-12-12 00:01:08,2021-11-29 19:10:30,8443,12541610,0,1485,5,,https://sra-downloadb.be-md.ncbi.nlm.nih.gov/sos4/sra-pub-run-30/SRR017/17068/SRR17068442/SRR17068442.1,SRX13256889,S113,AMPLICON,PCR,METAGENOMIC,SINGLE,0,0,PACBIO_SMRT,Sequel,SRP348487,PRJNA741708,,741708,SRS11179614,SAMN23486227,simple,1774142,human eye metagenome,S113,,,,,,,no,,,,,CHINA CDC,SRA1336454,,public,32F1B0A29502831C743AB45FA9A4F105,3CB326F9899B8DCBBADF9C11CEC707EF
SRR17068443,2022-12-12 00:01:08,2021-11-29 19:10:50,20860,31283958,0,1499,12,,https://sra-downloadb.be-md.ncbi.nlm.nih.gov/sos4/sra-pub-run-30/SRR017/17068/SRR17068443/SRR17068443.1,SRX13256888,S82,AMPLICON,PCR,METAGENOMIC,SINGLE,0,0,PACBIO_SMRT,Sequel,SRP348487,PRJNA741708,,741708,SRS11179612,SAMN23486226,simple,1774142,human eye metagenome,S82,,,,,,,no,,,,,CHINA CDC,SRA1336454,,public,5EA65144152D0B561708598CF6388ADF,C225AEC8E75E6988ADE3C29B7D0C6287
SRR17068444,2022-12-12 00:01:08,2021-11-29 19:10:11,603,889557,0,1475,0,,https://sra-downloadb.be-md.ncbi.nlm.nih.gov/sos4/sra-pub-run-30/SRR017/17068/SRR17068444/SRR17068444.1,SRX13256887,S65,AMPLICON,PCR,METAGENOMIC,SINGLE,0,0,PACBIO_SMRT,Sequel,SRP348487,PRJNA741708,,741708,SRS11179611,SAMN23486064,simple,1774142,human eye metagenome,S65,,,,,,,no,,,,,CHINA CDC,SRA1336454,,public,9733704D49F99D43B590E3FB5573B5B8,E6D5890BBB641A6014F7F95BC29A60E2
SRR17068445,2022-12-12 00:01:08,2021-11-29 19:10:26,7171,10713474,0,1494,4,,https://sra-downloadb.be-md.ncbi.nlm.nih.gov/sos4/sra-pub-run-30/SRR017/17068/SRR17068445/SRR17068445.1,SRX13256886,D39,AMPLICON,PCR,METAGENOMIC,SINGLE,0,0,PACBIO_SMRT,Sequel,SRP348487,PRJNA741708,,741708,SRS11179610,SAMN23486225,simple,1774142,human eye metagenome,D39,,,,,,,no,,,,,CHINA CDC,SRA1336454,,public,A48F2E68ED6F15DF9EF097EA6FD15E93,F057E712440CA3E60251D18A8F4D1B9F
SRR17068446,2022-12-12 00:01:08,2021-11-29 19:10:56,23306,34753421,0,1491,15,,https://sra-downloadb.be-md.ncbi.nlm.nih.gov/sos4/sra-pub-run-30/SRR017/17068/SRR17068446/SRR17068446.1,SRX13256885,D45,AMPLICON,PCR,METAGENOMIC,SINGLE,0,0,PACBIO_SMRT,Sequel,SRP348487,PRJNA741708,,741708,SRS11179608,SAMN23486224,simple,1774142,human eye metagenome,D45,,,,,,,no,,,,,CHINA CDC,SRA1336454,,public,BAA3AAED05921F849A7932DAE6C8E6D3,7690E9536320CDC8BA2CB95E94BF8895
SRR17068447,2022-12-12 00:01:08,2021-11-29 19:10:15,2806,4163150,0,1483,1,,https://sra-downloadb.be-md.ncbi.nlm.nih.gov/sos4/sra-pub-run-30/SRR017/17068/SRR17068447/SRR17068447.1,SRX13256884,D108,AMPLICON,PCR,METAGENOMIC,SINGLE,0,0,PACBIO_SMRT,Sequel,SRP348487,PRJNA741708,,741708,SRS11179609,SAMN23486223,simple,1774142,human eye metagenome,D108,,,,,,,no,,,,,CHINA CDC,SRA1336454,,public,B45AC8ED959221712876B4A0C9114846,8B3AA20E8C2A961E452748F5EF1C6D12
SRR17068448,2022-12-12 00:01:08,2021-11-29 19:10:37,12020,18037574,0,1500,7,,https://sra-downloadb.be-md.ncbi.nlm.nih.gov/sos4/sra-pub-run-30/SRR017/17068/SRR17068448/SRR17068448.1,SRX13256883,D126,AMPLICON,PCR,METAGENOMIC,SINGLE,0,0,PACBIO_SMRT,Sequel,SRP348487,PRJNA741708,,741708,SRS11179607,SAMN23486222,simple,1774142,human eye metagenome,D126,,,,,,,no,,,,,CHINA CDC,SRA1336454,,public,563DAE1AAE206F6562401BB76BADDF1B,41FAE2D3A70EBD73C9D946049099AA20
SRR17068449,2022-12-12 00:01:08,2021-11-29 19:10:45,16185,24181296,0,1494,10,,https://sra-downloadb.be-md.ncbi.nlm.nih.gov/sos4/sra-pub-run-30/SRR017/17068/SRR17068449/SRR17068449.1,SRX13256882,D3,AMPLICON,PCR,METAGENOMIC,SINGLE,0,0,PACBIO_SMRT,Sequel,SRP348487,PRJNA741708,,741708,SRS11179606,SAMN23486221,simple,1774142,human eye metagenome,D3,,,,,,,no,,,,,CHINA CDC,SRA1336454,,public,67CB83F1AB3719F0FA35E23921ABEEBF,B36398C69B3126611FD3B6AFA8ABF9AF
SRR17068450,2022-12-12 00:01:08,2021-11-29 19:10:22,4446,6567838,0,1477,2,,https://sra-downloadb.be-md.ncbi.nlm.nih.gov/sos4/sra-pub-run-30/SRR017/17068/SRR17068450/SRR17068450.1,SRX13256881,D62,AMPLICON,PCR,METAGENOMIC,SINGLE,0,0,PACBIO_SMRT,Sequel,SRP348487,PRJNA741708,,741708,SRS11179605,SAMN23486220,simple,1774142,human eye metagenome,D62,,,,,,,no,,,,,CHINA CDC,SRA1336454,,public,39DA9D4B542DFEA0170AED88A6C267BC,85ED86C07C1AFABECC4433931EA27C79
SRR17068451,2022-12-12 00:01:08,2021-11-29 19:10:39,13352,19998703,0,1497,7,,https://sra-downloadb.be-md.ncbi.nlm.nih.gov/sos4/sra-pub-run-30/SRR017/17068/SRR17068451/SRR17068451.1,SRX13256880,D114,AMPLICON,PCR,METAGENOMIC,SINGLE,0,0,PACBIO_SMRT,Sequel,SRP348487,PRJNA741708,,741708,SRS11179604,SAMN23486219,simple,1774142,human eye metagenome,D114,,,,,,,no,,,,,CHINA CDC,SRA1336454,,public,956215C4EAAF46B4EFA51DD535B326DA,AD2625F7A288B879AEAE17D137015D07
SRR17068452,2022-12-12 00:01:08,2021-11-29 19:10:22,4093,6070737,0,1483,2,,https://sra-downloadb.be-md.ncbi.nlm.nih.gov/sos4/sra-pub-run-30/SRR017/17068/SRR17068452/SRR17068452.1,SRX13256879,S44,AMPLICON,PCR,METAGENOMIC,SINGLE,0,0,PACBIO_SMRT,Sequel,SRP348487,PRJNA741708,,741708,SRS11179603,SAMN23486218,simple,1774142,human eye metagenome,S44,,,,,,,no,,,,,CHINA CDC,SRA1336454,,public,198BBFEBFA4F8BC8429712404A291F3F,9F3692129B559546425902B9D9F9F15E
SRR17068453,2022-12-12 00:01:08,2021-11-29 19:10:32,6425,9501482,0,1478,3,,https://sra-downloadb.be-md.ncbi.nlm.nih.gov/sos4/sra-pub-run-30/SRR017/17068/SRR17068453/SRR17068453.1,SRX13256878,S84,AMPLICON,PCR,METAGENOMIC,SINGLE,0,0,PACBIO_SMRT,Sequel,SRP348487,PRJNA741708,,741708,SRS11179602,SAMN23486217,simple,1774142,human eye metagenome,S84,,,,,,,no,,,,,CHINA CDC,SRA1336454,,public,4813D1C28E84FAF71F1FAF5C4B44C886,0EE6A014E787349B19E5A435FC86001B
SRR17068454,2022-12-12 00:01:08,2021-11-29 19:10:42,14588,21683022,0,1486,9,,https://sra-downloadb.be-md.ncbi.nlm.nih.gov/sos4/sra-pub-run-30/SRR017/17068/SRR17068454/SRR17068454.1,SRX13256877,D34,AMPLICON,PCR,METAGENOMIC,SINGLE,0,0,PACBIO_SMRT,Sequel,SRP348487,PRJNA741708,,741708,SRS11179600,SAMN23486216,simple,1774142,human eye metagenome,D34,,,,,,,no,,,,,CHINA CDC,SRA1336454,,public,E2280BCEE8A87D1A68A9281F2216BFBA,56432487AE0B3FE9CF0476D8D4F1384E
SRR17068455,2022-12-12 00:01:08,2021-11-29 19:10:29,7105,10542923,0,1483,4,,https://sra-downloadb.be-md.ncbi.nlm.nih.gov/sos4/sra-pub-run-30/SRR017/17068/SRR17068455/SRR17068455.1,SRX13256876,D73,AMPLICON,PCR,METAGENOMIC,SINGLE,0,0,PACBIO_SMRT,Sequel,SRP348487,PRJNA741708,,741708,SRS11179601,SAMN23486107,simple,1774142,human eye metagenome,D73,,,,,,,no,,,,,CHINA CDC,SRA1336454,,public,99749F04983477DC9F662C2785CB0624,5142A0B35FF93B0C8AA253CE7B11A57C
SRR17068456,2022-12-12 00:01:08,2021-11-29 19:10:34,8782,12997784,0,1480,9,,https://sra-downloadb.be-md.ncbi.nlm.nih.gov/sos4/sra-pub-run-30/SRR017/17068/SRR17068456/SRR17068456.1,SRX13256875,PD5,AMPLICON,PCR,METAGENOMIC,SINGLE,0,0,PACBIO_SMRT,Sequel,SRP348487,PRJNA741708,,741708,SRS11179599,SAMN23486106,simple,1774142,human eye metagenome,PD5,,,,,,,no,,,,,CHINA CDC,SRA1336454,,public,AA5CA6A48033AB81CAA1ADE487CDEE75,256C41FEBFB0FA7DE46AE0DB9C2444B4
SRR17068457,2022-12-12 00:01:08,2021-11-29 19:10:35,9363,14053882,0,1501,9,,https://sra-downloadb.be-md.ncbi.nlm.nih.gov/sos4/sra-pub-run-30/SRR017/17068/SRR17068457/SRR17068457.1,SRX13256874,PD10,AMPLICON,PCR,METAGENOMIC,SINGLE,0,0,PACBIO_SMRT,Sequel,SRP348487,PRJNA741708,,741708,SRS11179598,SAMN23486052,simple,1774142,human eye metagenome,PD10,,,,,,,no,,,,,CHINA CDC,SRA1336454,,public,370E213FCCDD37ED5EC7D054FED4F2E1,B792B6B5396997458143BE8FC5797B91
SRR17068458,2022-12-12 00:01:08,2021-11-29 19:10:15,772,1132615,0,1467,0,,https://sra-downloadb.be-md.ncbi.nlm.nih.gov/sos4/sra-pub-run-30/SRR017/17068/SRR17068458/SRR17068458.1,SRX13256873,D49,AMPLICON,PCR,METAGENOMIC,SINGLE,0,0,PACBIO_SMRT,Sequel,SRP348487,PRJNA741708,,741708,SRS11179597,SAMN23486105,simple,1774142,human eye metagenome,D49,,,,,,,no,,,,,CHINA CDC,SRA1336454,,public,7F0FB3845728496A58FD9D2FEF6DA102,A3CB20643B5D7246C9FB8D7B92CBA320
SRR17068459,2022-12-12 00:01:08,2021-11-29 19:10:22,3917,5957032,0,1520,2,,https://sra-downloadb.be-md.ncbi.nlm.nih.gov/sos4/sra-pub-run-30/SRR017/17068/SRR17068459/SRR17068459.1,SRX13256872,S125,AMPLICON,PCR,METAGENOMIC,SINGLE,0,0,PACBIO_SMRT,Sequel,SRP348487,PRJNA741708,,741708,SRS11179596,SAMN23486104,simple,1774142,human eye metagenome,S125,,,,,,,no,,,,,CHINA CDC,SRA1336454,,public,2241EF32DC091309428627ED7EABF0E3,A30754110AAB4F56741FA3994A430FF3
SRR17068460,2022-12-12 00:01:08,2021-11-29 19:11:08,49668,73821776,0,1486,40,,https://sra-downloadb.be-md.ncbi.nlm.nih.gov/sos4/sra-pub-run-30/SRR017/17068/SRR17068460/SRR17068460.1,SRX13256871,DKL,AMPLICON,PCR,METAGENOMIC,SINGLE,0,0,PACBIO_SMRT,Sequel,SRP348487,PRJNA741708,,741708,SRS11179595,SAMN23486103,simple,1774142,human eye metagenome,DKL,,,,,,,no,,,,,CHINA CDC,SRA1336454,,public,DA79D7DE8DD3D41E46C49A434919A714,953468F8CDE2CCACC28EC1B475820F14
SRR17068461,2022-12-12 00:01:08,2021-11-29 19:10:31,7023,10468824,0,1490,4,,https://sra-downloadb.be-md.ncbi.nlm.nih.gov/sos4/sra-pub-run-30/SRR017/17068/SRR17068461/SRR17068461.1,SRX13256870,O3,AMPLICON,PCR,METAGENOMIC,SINGLE,0,0,PACBIO_SMRT,Sequel,SRP348487,PRJNA741708,,741708,SRS11179594,SAMN23486102,simple,1774142,human eye metagenome,O3,,,,,,,no,,,,,CHINA CDC,SRA1336454,,public,0E1CE33AC51F871527447E45E7813B3D,3E2505EAC7B44692C9697D31F1E3FF60
SRR17068462,2022-12-12 00:01:08,2021-11-29 19:10:43,15633,22726256,0,1453,8,,https://sra-downloadb.be-md.ncbi.nlm.nih.gov/sos4/sra-pub-run-30/SRR017/17068/SRR17068462/SRR17068462.1,SRX13256869,D94,AMPLICON,PCR,METAGENOMIC,SINGLE,0,0,PACBIO_SMRT,Sequel,SRP348487,PRJNA741708,,741708,SRS11179593,SAMN23486101,simple,1774142,human eye metagenome,D94,,,,,,,no,,,,,CHINA CDC,SRA1336454,,public,A8DD00DCF734E4C5A9DE166ED46AE5E0,4284E82BABBA1ADEA1341D3CDCD43432
SRR17068463,2022-12-12 00:01:08,2021-11-29 19:10:34,8191,12079516,0,1474,4,,https://sra-downloadb.be-md.ncbi.nlm.nih.gov/sos4/sra-pub-run-30/SRR017/17068/SRR17068463/SRR17068463.1,SRX13256868,D119,AMPLICON,PCR,METAGENOMIC,SINGLE,0,0,PACBIO_SMRT,Sequel,SRP348487,PRJNA741708,,741708,SRS11179592,SAMN23486100,simple,1774142,human eye metagenome,D119,,,,,,,no,,,,,CHINA CDC,SRA1336454,,public,F95936524F472BB5B6819005714984CB,7ADCF49966637CEFB83C360A8C8DFD2A
SRR17068464,2022-12-12 00:01:08,2021-11-29 19:10:26,3811,5697894,0,1495,2,,https://sra-downloadb.be-md.ncbi.nlm.nih.gov/sos4/sra-pub-run-30/SRR017/17068/SRR17068464/SRR17068464.1,SRX13256867,D46,AMPLICON,PCR,METAGENOMIC,SINGLE,0,0,PACBIO_SMRT,Sequel,SRP348487,PRJNA741708,,741708,SRS11179591,SAMN23486099,simple,1774142,human eye metagenome,D46,,,,,,,no,,,,,CHINA CDC,SRA1336454,,public,D10E0F3051D420E65541F59D8855FA00,41DB793066464EB7B585C828B23421EA
SRR17068465,2022-12-12 00:01:08,2021-11-29 19:10:44,13837,20617417,0,1490,8,,https://sra-downloadb.be-md.ncbi.nlm.nih.gov/sos4/sra-pub-run-30/SRR017/17068/SRR17068465/SRR17068465.1,SRX13256866,O1,AMPLICON,PCR,METAGENOMIC,SINGLE,0,0,PACBIO_SMRT,Sequel,SRP348487,PRJNA741708,,741708,SRS11179590,SAMN23486098,simple,1774142,human eye metagenome,O1,,,,,,,no,,,,,CHINA CDC,SRA1336454,,public,6C7E79F79E06FD19A58F3EB9FE3415E6,0F701AEF362D76ED258BBDA780909164
SRR17068466,2022-12-12 00:01:08,2021-11-29 19:10:46,13650,20539267,0,1504,9,,https://sra-downloadb.be-md.ncbi.nlm.nih.gov/sos4/sra-pub-run-30/SRR017/17068/SRR17068466/SRR17068466.1,SRX13256865,D28,AMPLICON,PCR,METAGENOMIC,SINGLE,0,0,PACBIO_SMRT,Sequel,SRP348487,PRJNA741708,,741708,SRS11179588,SAMN23486097,simple,1774142,human eye metagenome,D28,,,,,,,no,,,,,CHINA CDC,SRA1336454,,public,387341E8DCA922DD3FE693D57E2C8150,9847C4638BF7113CECAF265E6C1D894D
SRR17068467,2022-12-12 00:01:08,2021-11-29 19:10:31,7175,10674253,0,1487,4,,https://sra-downloadb.be-md.ncbi.nlm.nih.gov/sos4/sra-pub-run-30/SRR017/17068/SRR17068467/SRR17068467.1,SRX13256864,D25,AMPLICON,PCR,METAGENOMIC,SINGLE,0,0,PACBIO_SMRT,Sequel,SRP348487,PRJNA741708,,741708,SRS11179589,SAMN23486096,simple,1774142,human eye metagenome,D25,,,,,,,no,,,,,CHINA CDC,SRA1336454,,public,DBC53ED2744F6CBEB0CCC094CC35321A,264E144E159582E4E0F6777EA6F38912
SRR17068468,2022-12-12 00:01:08,2021-11-29 19:10:29,5087,7626714,0,1499,5,,https://sra-downloadb.be-md.ncbi.nlm.nih.gov/sos4/sra-pub-run-30/SRR017/17068/SRR17068468/SRR17068468.1,SRX13256863,PD1,AMPLICON,PCR,METAGENOMIC,SINGLE,0,0,PACBIO_SMRT,Sequel,SRP348487,PRJNA741708,,741708,SRS11179587,SAMN23486051,simple,1774142,human eye metagenome,PD1,,,,,,,no,,,,,CHINA CDC,SRA1336454,,public,CA5F7E61666A3F6D599E5211449A04DB,C1873C21FD24D2C72EB22450AACD9278
SRR17068473,2022-12-12 00:01:08,2021-11-29 19:10:23,2618,3931289,0,1501,1,,https://sra-downloadb.be-md.ncbi.nlm.nih.gov/sos4/sra-pub-run-30/SRR017/17068/SRR17068473/SRR17068473.1,SRX13256858,S139,AMPLICON,PCR,METAGENOMIC,SINGLE,0,0,PACBIO_SMRT,Sequel,SRP348487,PRJNA741708,,741708,SRS11179581,SAMN23486091,simple,1774142,human eye metagenome,S139,,,,,,,no,,,,,CHINA CDC,SRA1336454,,public,ABCEADD3DAE3923D5E5B182F2814E727,5CB2697FDD0462D4ECBE6BBC5B156AE1
SRR17068472,2022-12-12 00:01:08,2021-11-29 19:10:27,4657,6976120,0,1497,2,,https://sra-downloadb.be-md.ncbi.nlm.nih.gov/sos4/sra-pub-run-30/SRR017/17068/SRR17068472/SRR17068472.1,SRX13256859,S127,AMPLICON,PCR,METAGENOMIC,SINGLE,0,0,PACBIO_SMRT,Sequel,SRP348487,PRJNA741708,,741708,SRS11179583,SAMN23486092,simple,1774142,human eye metagenome,S127,,,,,,,no,,,,,CHINA CDC,SRA1336454,,public,2D665FA4884891819A295059773FD235,8C58D37A9DA80B7C4C7B7408E53743AC
SRR17068471,2022-12-12 00:01:08,2021-11-29 19:10:45,11243,17638600,0,1568,12,,https://sra-downloadb.be-md.ncbi.nlm.nih.gov/sos4/sra-pub-run-30/SRR017/17068/SRR17068471/SRR17068471.1,SRX13256860,PD7,AMPLICON,PCR,METAGENOMIC,SINGLE,0,0,PACBIO_SMRT,Sequel,SRP348487,PRJNA741708,,741708,SRS11179584,SAMN23486093,simple,1774142,human eye metagenome,PD7,,,,,,,no,,,,,CHINA CDC,SRA1336454,,public,81C102212EAEFD5C3A1F596EF34D3E86,777E216E546A46C6583086A8001F7E1A
SRR17068469,2022-12-12 00:01:08,2021-11-29 19:10:50,14736,22242187,0,1509,15,,https://sra-downloadb.be-md.ncbi.nlm.nih.gov/sos4/sra-pub-run-30/SRR017/17068/SRR17068469/SRR17068469.1,SRX13256862,PS11,AMPLICON,PCR,METAGENOMIC,SINGLE,0,0,PACBIO_SMRT,Sequel,SRP348487,PRJNA741708,,741708,SRS11179585,SAMN23486095,simple,1774142,human eye metagenome,PS11,,,,,,,no,,,,,CHINA CDC,SRA1336454,,public,0508F428EFACAA9F01099B27C395D27A,53D5AB32CE5DAFC9F0542A3C5DD93E07
SRR17068470,2022-12-12 00:01:08,2021-11-29 19:10:41,8492,12618663,0,1485,5,,https://sra-downloadb.be-md.ncbi.nlm.nih.gov/sos4/sra-pub-run-30/SRR017/17068/SRR17068470/SRR17068470.1,SRX13256861,S50,AMPLICON,PCR,METAGENOMIC,SINGLE,0,0,PACBIO_SMRT,Sequel,SRP348487,PRJNA741708,,741708,SRS11179586,SAMN23486094,simple,1774142,human eye metagenome,S50,,,,,,,no,,,,,CHINA CDC,SRA1336454,,public,88806E894EC662865E655171A6FEE3AD,B3CDAF6512B8ED0B19F5B918C6D92B1C
SRR17068474,2022-12-12 00:01:08,2021-11-29 19:10:37,8192,12106403,0,1477,5,,https://sra-downloadb.be-md.ncbi.nlm.nih.gov/sos4/sra-pub-run-30/SRR017/17068/SRR17068474/SRR17068474.1,SRX13256857,S53,AMPLICON,PCR,METAGENOMIC,SINGLE,0,0,PACBIO_SMRT,Sequel,SRP348487,PRJNA741708,,741708,SRS11179582,SAMN23486090,simple,1774142,human eye metagenome,S53,,,,,,,no,,,,,CHINA CDC,SRA1336454,,public,53FFE9EFDB308CEE0512F41DA9309457,AB02A1F92240AF51F9BDD4CD89752B46
SRR17068475,2022-12-12 00:01:08,2021-11-29 19:10:30,4889,7343182,0,1501,3,,https://sra-downloadb.be-md.ncbi.nlm.nih.gov/sos4/sra-pub-run-30/SRR017/17068/SRR17068475/SRR17068475.1,SRX13256856,S77,AMPLICON,PCR,METAGENOMIC,SINGLE,0,0,PACBIO_SMRT,Sequel,SRP348487,PRJNA741708,,741708,SRS11179580,SAMN23486089,simple,1774142,human eye metagenome,S77,,,,,,,no,,,,,CHINA CDC,SRA1336454,,public,C3501191E0E01C7CA1CCA940A1C33946,FD4DB65115B4A5CEEB5ADE7058C49A4B
SRR17068476,2022-12-12 00:01:08,2021-11-29 19:10:34,9296,13819553,0,1486,6,,https://sra-downloadb.be-md.ncbi.nlm.nih.gov/sos4/sra-pub-run-30/SRR017/17068/SRR17068476/SRR17068476.1,SRX13256855,D63,AMPLICON,PCR,METAGENOMIC,SINGLE,0,0,PACBIO_SMRT,Sequel,SRP348487,PRJNA741708,,741708,SRS11179579,SAMN23486088,simple,1774142,human eye metagenome,D63,,,,,,,no,,,,,CHINA CDC,SRA1336454,,public,F9389FFB22B9A37FBF6025752206A2C0,6FF02D66589520B5B50B9E151F14B885
SRR17068477,2022-12-12 00:01:08,2021-11-29 19:10:35,10427,15472002,0,1483,6,,https://sra-downloadb.be-md.ncbi.nlm.nih.gov/sos4/sra-pub-run-30/SRR017/17068/SRR17068477/SRR17068477.1,SRX13256854,S31,AMPLICON,PCR,METAGENOMIC,SINGLE,0,0,PACBIO_SMRT,Sequel,SRP348487,PRJNA741708,,741708,SRS11179578,SAMN23486087,simple,1774142,human eye metagenome,S31,,,,,,,no,,,,,CHINA CDC,SRA1336454,,public,A44B45DBD37804C0A94270652D9FC536,2FF5A8350F187945629A47BB4226E680
SRR17068478,2022-12-12 00:01:08,2021-11-29 19:10:30,6239,9240340,0,1481,3,,https://sra-downloadb.be-md.ncbi.nlm.nih.gov/sos4/sra-pub-run-30/SRR017/17068/SRR17068478/SRR17068478.1,SRX13256853,S126,AMPLICON,PCR,METAGENOMIC,SINGLE,0,0,PACBIO_SMRT,Sequel,SRP348487,PRJNA741708,,741708,SRS11179577,SAMN23486086,simple,1774142,human eye metagenome,S126,,,,,,,no,,,,,CHINA CDC,SRA1336454,,public,ED671844E698A0BEC43AD45569DA8E2D,D630F54E2F44F2831AAF75D9A1FBBBDF
SRR17068479,2022-12-12 00:01:08,2021-11-29 19:10:48,12005,18204543,0,1516,12,,https://sra-downloadb.be-md.ncbi.nlm.nih.gov/sos4/sra-pub-run-30/SRR017/17068/SRR17068479/SRR17068479.1,SRX13256852,PS1,AMPLICON,PCR,METAGENOMIC,SINGLE,0,0,PACBIO_SMRT,Sequel,SRP348487,PRJNA741708,,741708,SRS11179576,SAMN23486050,simple,1774142,human eye metagenome,PS1,,,,,,,no,,,,,CHINA CDC,SRA1336454,,public,7B57A8AB6524E515317F11F2FB969C63,C73F9844308E1B589912528C35C52D67
SRR17068480,2022-12-12 00:01:08,2021-11-29 19:10:40,12825,19223859,0,1498,7,,https://sra-downloadb.be-md.ncbi.nlm.nih.gov/sos4/sra-pub-run-30/SRR017/17068/SRR17068480/SRR17068480.1,SRX13256851,D116,AMPLICON,PCR,METAGENOMIC,SINGLE,0,0,PACBIO_SMRT,Sequel,SRP348487,PRJNA741708,,741708,SRS11179575,SAMN23486085,simple,1774142,human eye metagenome,D116,,,,,,,no,,,,,CHINA CDC,SRA1336454,,public,1443631287D4E7199703A8FA778B24F5,DC534039ED5B666F06FF9E51B53F3F81
SRR17068481,2022-12-12 00:01:08,2021-11-29 19:10:33,6730,10008257,0,1487,4,,https://sra-downloadb.be-md.ncbi.nlm.nih.gov/sos4/sra-pub-run-30/SRR017/17068/SRR17068481/SRR17068481.1,SRX13256850,D42,AMPLICON,PCR,METAGENOMIC,SINGLE,0,0,PACBIO_SMRT,Sequel,SRP348487,PRJNA741708,,741708,SRS11179574,SAMN23486084,simple,1774142,human eye metagenome,D42,,,,,,,no,,,,,CHINA CDC,SRA1336454,,public,A8931E1C68635D044CA38B1DDFC62F22,BAF5292E01C3E8BFE6C2DF836D2AF62B
SRR17068482,2022-12-12 00:01:08,2021-11-29 19:10:25,2445,3663548,0,1498,1,,https://sra-downloadb.be-md.ncbi.nlm.nih.gov/sos4/sra-pub-run-30/SRR017/17068/SRR17068482/SRR17068482.1,SRX13256849,D77,AMPLICON,PCR,METAGENOMIC,SINGLE,0,0,PACBIO_SMRT,Sequel,SRP348487,PRJNA741708,,741708,SRS11179572,SAMN23486083,simple,1774142,human eye metagenome,D77,,,,,,,no,,,,,CHINA CDC,SRA1336454,,public,68EDFE74FC79AEB271579762C3F9495D,3A6BA7E1CC45C3DFA98722B546EABB40
SRR17068483,2022-12-12 00:01:08,2021-11-29 19:10:32,5578,8253233,0,1479,3,,https://sra-downloadb.be-md.ncbi.nlm.nih.gov/sos4/sra-pub-run-30/SRR017/17068/SRR17068483/SRR17068483.1,SRX13256848,D7,AMPLICON,PCR,METAGENOMIC,SINGLE,0,0,PACBIO_SMRT,Sequel,SRP348487,PRJNA741708,,741708,SRS11179573,SAMN23486082,simple,1774142,human eye metagenome,D7,,,,,,,no,,,,,CHINA CDC,SRA1336454,,public,2AE5FDDBD634F14AC92B3B88876ABEFA,6DBB6CC5A2320946B8AC8BC7E9C4A50A
SRR17068484,2022-12-12 00:01:08,2021-11-29 19:10:45,11312,17393635,0,1537,12,,https://sra-downloadb.be-md.ncbi.nlm.nih.gov/sos4/sra-pub-run-30/SRR017/17068/SRR17068484/SRR17068484.1,SRX13256847,PS9,AMPLICON,PCR,METAGENOMIC,SINGLE,0,0,PACBIO_SMRT,Sequel,SRP348487,PRJNA741708,,741708,SRS11179571,SAMN23486081,simple,1774142,human eye metagenome,PS9,,,,,,,no,,,,,CHINA CDC,SRA1336454,,public,D83A211C7B8FC2018F2FBA6F254EC7A7,C7C2864F8F1CF7790A210AD631FA34FC
SRR17068485,2022-12-12 00:01:08,2021-11-29 19:10:39,13259,19794163,0,1492,7,,https://sra-downloadb.be-md.ncbi.nlm.nih.gov/sos4/sra-pub-run-30/SRR017/17068/SRR17068485/SRR17068485.1,SRX13256846,D82,AMPLICON,PCR,METAGENOMIC,SINGLE,0,0,PACBIO_SMRT,Sequel,SRP348487,PRJNA741708,,741708,SRS11179570,SAMN23486080,simple,1774142,human eye metagenome,D82,,,,,,,no,,,,,CHINA CDC,SRA1336454,,public,B55A46ABA467DEF1C9BFBC6475D71646,024331CD87879A120C068D775BC2A12F
SRR17068486,2022-12-12 00:01:08,2021-11-29 19:10:36,9693,14397526,0,1485,6,,https://sra-downloadb.be-md.ncbi.nlm.nih.gov/sos4/sra-pub-run-30/SRR017/17068/SRR17068486/SRR17068486.1,SRX13256845,D113,AMPLICON,PCR,METAGENOMIC,SINGLE,0,0,PACBIO_SMRT,Sequel,SRP348487,PRJNA741708,,741708,SRS11179569,SAMN23486079,simple,1774142,human eye metagenome,D113,,,,,,,no,,,,,CHINA CDC,SRA1336454,,public,5EF7208B7ADB211254327EB3C0B92E1B,EEC1EFA855FD78FB90E56FDC68668956
SRR17068487,2022-12-12 00:01:08,2021-11-29 19:10:38,9249,13833735,0,1495,5,,https://sra-downloadb.be-md.ncbi.nlm.nih.gov/sos4/sra-pub-run-30/SRR017/17068/SRR17068487/SRR17068487.1,SRX13256844,S70,AMPLICON,PCR,METAGENOMIC,SINGLE,0,0,PACBIO_SMRT,Sequel,SRP348487,PRJNA741708,,741708,SRS11179568,SAMN23486078,simple,1774142,human eye metagenome,S70,,,,,,,no,,,,,CHINA CDC,SRA1336454,,public,DF29C867DD96B01A5E67E62557058301,6C8A23B4BAFD8F0CFBBDD68ECD86AB4D
SRR17068488,2022-12-12 00:01:08,2021-11-29 19:10:31,4893,7303230,0,1492,3,,https://sra-downloadb.be-md.ncbi.nlm.nih.gov/sos4/sra-pub-run-30/SRR017/17068/SRR17068488/SRR17068488.1,SRX13256843,S16,AMPLICON,PCR,METAGENOMIC,SINGLE,0,0,PACBIO_SMRT,Sequel,SRP348487,PRJNA741708,,741708,SRS11179567,SAMN23486077,simple,1774142,human eye metagenome,S16,,,,,,,no,,,,,CHINA CDC,SRA1336454,,public,071E89720139DE9F18D899E7E0C8964C,8833452E3BFA4E709CC0F9E6912E7F48
SRR17068489,2022-12-12 00:01:08,2021-11-29 19:10:24,1979,2968619,0,1500,1,,https://sra-downloadb.be-md.ncbi.nlm.nih.gov/sos4/sra-pub-run-30/SRR017/17068/SRR17068489/SRR17068489.1,SRX13256842,S97,AMPLICON,PCR,METAGENOMIC,SINGLE,0,0,PACBIO_SMRT,Sequel,SRP348487,PRJNA741708,,741708,SRS11179566,SAMN23486076,simple,1774142,human eye metagenome,S97,,,,,,,no,,,,,CHINA CDC,SRA1336454,,public,14D6D42C66AA3848FFED514A6E24C4BF,547AEFD77B289CF908298EDE42B72C29
SRR17068490,2022-12-12 00:01:08,2021-11-29 19:11:06,20183,30074905,0,1490,11,,https://sra-downloadb.be-md.ncbi.nlm.nih.gov/sos4/sra-pub-run-30/SRR017/17068/SRR17068490/SRR17068490.1,SRX13256841,Q3,AMPLICON,PCR,METAGENOMIC,SINGLE,0,0,PACBIO_SMRT,Sequel,SRP348487,PRJNA741708,,741708,SRS11179565,SAMN23486049,simple,1774142,human eye metagenome,Q3,,,,,,,no,,,,,CHINA CDC,SRA1336454,,public,26A7D16C8E6F1FAB049D3273DC689A91,8290B99DB9BBA77B8FE2309A0F6B4827
SRR17068491,2022-12-12 00:01:08,2021-11-29 19:10:49,13554,20224307,0,1492,8,,https://sra-downloadb.be-md.ncbi.nlm.nih.gov/sos4/sra-pub-run-30/SRR017/17068/SRR17068491/SRR17068491.1,SRX13256840,D111,AMPLICON,PCR,METAGENOMIC,SINGLE,0,0,PACBIO_SMRT,Sequel,SRP348487,PRJNA741708,,741708,SRS11179564,SAMN23486075,simple,1774142,human eye metagenome,D111,,,,,,,no,,,,,CHINA CDC,SRA1336454,,public,9D34103FFD378ABEDB4D15F2A7C36FBF,E15701EE63EC7A6235A6F532C6877709
SRR17068492,2022-12-12 00:01:08,2021-11-29 19:11:55,7339,11213601,0,1527,7,,https://sra-downloadb.be-md.ncbi.nlm.nih.gov/sos4/sra-pub-run-30/SRR017/17068/SRR17068492/SRR17068492.1,SRX13256839,PS6,AMPLICON,PCR,METAGENOMIC,SINGLE,0,0,PACBIO_SMRT,Sequel,SRP348487,PRJNA741708,,741708,SRS11179563,SAMN23486074,simple,1774142,human eye metagenome,PS6,,,,,,,no,,,,,CHINA CDC,SRA1336454,,public,657419DE6108BF8941F0399D24139FBF,A432681BAB28FF94680D62F94FC69004
SRR17068493,2022-12-12 00:01:08,2021-11-29 19:12:02,10981,16367979,0,1490,6,,https://sra-downloadb.be-md.ncbi.nlm.nih.gov/sos4/sra-pub-run-30/SRR017/17068/SRR17068493/SRR17068493.1,SRX13256838,S88,AMPLICON,PCR,METAGENOMIC,SINGLE,0,0,PACBIO_SMRT,Sequel,SRP348487,PRJNA741708,,741708,SRS11179562,SAMN23486073,simple,1774142,human eye metagenome,S88,,,,,,,no,,,,,CHINA CDC,SRA1336454,,public,5B26F9FA3341DC52796EE662D0C5B496,EF8481F5A001F07A6334D8D7B7D8DE0A
SRR17068494,2022-12-12 00:01:08,2021-11-29 19:11:54,9650,14325240,0,1484,5,,https://sra-downloadb.be-md.ncbi.nlm.nih.gov/sos4/sra-pub-run-30/SRR017/17068/SRR17068494/SRR17068494.1,SRX13256837,D138,AMPLICON,PCR,METAGENOMIC,SINGLE,0,0,PACBIO_SMRT,Sequel,SRP348487,PRJNA741708,,741708,SRS11179561,SAMN23486072,simple,1774142,human eye metagenome,D138,,,,,,,no,,,,,CHINA CDC,SRA1336454,,public,DD7D42C7B15C3D225471351FF827992F,41700A26F3360EB2946494EF323074F5
